LAD21CD/E06000004	Stockton-on-Tees
LAD21CD/E06000021	Stoke-on-Trent
LAD21CD/E06000025	South Gloucestershire
LAD21CD/E06000030	Swindon
LAD21CD/E06000033	Southend-on-Sea
LAD21CD/E06000039	Slough
LAD21CD/E06000045	Southampton
LAD21CD/E06000051	Shropshire
LAD21CD/E07000012	South Cambridgeshire
LAD21CD/E07000031	South Lakeland
LAD21CD/E07000039	South Derbyshire
LAD21CD/E07000044	South Hams
LAD21CD/E07000082	Stroud
LAD21CD/E07000111	Sevenoaks
LAD21CD/E07000113	Swale
LAD21CD/E07000126	South Ribble
LAD21CD/E07000140	South Holland
LAD21CD/E07000141	South Kesteven
LAD21CD/E07000149	South Norfolk
LAD21CD/E07000168	Scarborough
LAD21CD/E07000169	Selby
LAD21CD/E07000179	South Oxfordshire
LAD21CD/E07000188	Sedgemoor
LAD21CD/E07000189	South Somerset
LAD21CD/E07000196	South Staffordshire
LAD21CD/E07000197	Stafford
LAD21CD/E07000198	Staffordshire Moorlands
LAD21CD/E07000213	Spelthorne
LAD21CD/E07000214	Surrey Heath
LAD21CD/E07000221	Stratford-on-Avon
LAD21CD/E07000240	St Albans
LAD21CD/E07000243	Stevenage
LAD21CD/E07000246	Somerset West and Taunton
LAD21CD/E08000006	Salford
LAD21CD/E08000007	Stockport
LAD21CD/E08000013	St. Helens
LAD21CD/E08000014	Sefton
LAD21CD/E08000019	Sheffield
LAD21CD/E08000023	South Tyneside
LAD21CD/E08000024	Sunderland
LAD21CD/E08000028	Sandwell
LAD21CD/E08000029	Solihull
LAD21CD/E09000028	Southwark
LAD21CD/E09000029	Sutton
LAD21CD/S12000026	Scottish Borders
LAD21CD/S12000027	Shetland Islands
LAD21CD/S12000028	South Ayrshire
LAD21CD/S12000029	South Lanarkshire
LAD21CD/S12000030	Stirling
LAD21CD/W06000011	Swansea
MSOA21CD/E02000019	Goresbrook & Scrattons Farm
MSOA21CD/E02000054	North Hendon & Sunny Hill
MSOA21CD/E02000062	Brent Cross & Staples Corner
MSOA21CD/E02000066	South Thamesmead
MSOA21CD/E02000072	Slade Green & Crayford Marshes
MSOA21CD/E02000077	St Michael's
MSOA21CD/E02000090	Sidcup West
MSOA21CD/E02000091	Sidcup East
MSOA21CD/E02000105	Sudbury East
MSOA21CD/E02000108	Sudbury West
MSOA21CD/E02000113	St Raphaels
MSOA21CD/E02000119	Stonebridge
MSOA21CD/E02000134	Bromley North & Sundridge
MSOA21CD/E02000137	Shortlands Bromley Road
MSOA21CD/E02000140	St Mary Cray North
MSOA21CD/E02000145	St Mary Cray East
MSOA21CD/E02000149	St Mary Cray South
MSOA21CD/E02000181	South Hampstead
MSOA21CD/E02000182	Swiss Cottage
MSOA21CD/E02000187	Somers Town
MSOA21CD/E02000193	Holborn, St Giles & Bloomsbury South
MSOA21CD/E02000200	South Norwood Hill
MSOA21CD/E02000201	South Norwood Central
MSOA21CD/E02000206	Selhurst North
MSOA21CD/E02000213	Selhurst South & West Croydon
MSOA21CD/E02000218	Shirley East
MSOA21CD/E02000219	Shirley West
MSOA21CD/E02000226	Selsdon
MSOA21CD/E02000228	Sanderstead
MSOA21CD/E02000232	Selsdon Park & Hamsey Green
MSOA21CD/E02000254	Southall North
MSOA21CD/E02000260	Southall Park
MSOA21CD/E02000263	Southall West
MSOA21CD/E02000268	St Mary's
MSOA21CD/E02000270	South Acton
MSOA21CD/E02000276	South Ealing
MSOA21CD/E02000288	Southbury East
MSOA21CD/E02000292	Southbury West
MSOA21CD/E02000296	Southgate
MSOA21CD/E02000304	Southgate Green
MSOA21CD/E02000332	Shooters Hill
MSOA21CD/E02000345	Stamford Hill North
MSOA21CD/E02000347	Stamford Hill West
MSOA21CD/E02000348	Stamford Hill South
MSOA21CD/E02000350	Stoke Newington East & Cazenove
MSOA21CD/E02000353	Stoke Newington North
MSOA21CD/E02000358	Stoke Newington South
MSOA21CD/E02000366	South Hackney
MSOA21CD/E02000375	Shepherd's Bush North
MSOA21CD/E02000376	Shepherd's Bush West
MSOA21CD/E02000378	Shepherd's Bush South
MSOA21CD/E02000394	Sands End & Chelsea Harbour
MSOA21CD/E02000396	South Park
MSOA21CD/E02000404	Scotch Estate
MSOA21CD/E02000422	West Green & St Ann's
MSOA21CD/E02000425	South Tottenham
MSOA21CD/E02000432	Stroud Green
MSOA21CD/E02000433	Stanmore Park
MSOA21CD/E02000435	Stanmore Uxbridge Road
MSOA21CD/E02000459	South Harrow
MSOA21CD/E02000490	South Hornchurch
MSOA21CD/E02000506	Uxbridge Common & Swakeleys
MSOA21CD/E02000524	Heathrow, Hardmonsworth & Sipson
MSOA21CD/E02000539	Syon Green
MSOA21CD/E02000540	Spring Grove
MSOA21CD/E02000576	Old Street & St Luke's
MSOA21CD/E02000577	Golborne & Swinbrook
MSOA21CD/E02000592	South Kensington
MSOA21CD/E02000608	Surbiton North
MSOA21CD/E02000610	Surbiton South
MSOA21CD/E02000613	Southborough
MSOA21CD/E02000623	Stockwell North
MSOA21CD/E02000624	Stockwell East
MSOA21CD/E02000625	Stockwell West
MSOA21CD/E02000627	Stockwell South
MSOA21CD/E02000639	Clapham Park East & Streatham Hill North
MSOA21CD/E02000643	Streatham Hill
MSOA21CD/E02000646	Streatham Central
MSOA21CD/E02000647	West Norwood West & Streatham East
MSOA21CD/E02000649	Streatham Green
MSOA21CD/E02000651	Streatham Common
MSOA21CD/E02000652	Streatham Vale
MSOA21CD/E02000653	Silwood & Pepys
MSOA21CD/E02000660	Brockley East & St Johns
MSOA21CD/E02000682	Forster Park & Southend
MSOA21CD/E02000685	Sydenham Wells
MSOA21CD/E02000694	South Wimbledon
MSOA21CD/E02000712	St Helier North
MSOA21CD/E02000722	Stratford East
MSOA21CD/E02000725	Stratford Central
MSOA21CD/E02000733	West Ham & Stratford Park
MSOA21CD/E02000757	South Woodford High Road
MSOA21CD/E02000764	Snaresbrook
MSOA21CD/E02000770	Seven Kings Park
MSOA21CD/E02000774	Seven Kings Meads Lane
MSOA21CD/E02000781	South Park
MSOA21CD/E02000786	Mortlake & South Barnes
MSOA21CD/E02000790	St Margarets
MSOA21CD/E02000795	Richmond Park, Sheen Gate & Petersham
MSOA21CD/E02000799	Strawberry Hill
MSOA21CD/E02000808	Borough & Southwark Street
MSOA21CD/E02000814	Surrey Quays
MSOA21CD/E02000816	South Bermondsey Central
MSOA21CD/E02000817	South Bermondsey East
MSOA21CD/E02000819	South Bermondsey West
MSOA21CD/E02000839	Sydenham Hill
MSOA21CD/E02000841	St Helier South
MSOA21CD/E02000842	Stonecot
MSOA21CD/E02000846	Sutton North
MSOA21CD/E02000851	Sutton Central
MSOA21CD/E02000852	Sutton East
MSOA21CD/E02000853	Sutton West
MSOA21CD/E02000857	Sutton South West
MSOA21CD/E02000860	Sutton South & Shanklin
MSOA21CD/E02000878	Spitalfields
MSOA21CD/E02000879	Stepney Green
MSOA21CD/E02000882	Limehouse North & Stepney East
MSOA21CD/E02000885	Shadwell North
MSOA21CD/E02000888	Shadwell Basin & Ratcliffe
MSOA21CD/E02000889	St George in the East & Wapping North
MSOA21CD/E02000900	South Chingford
MSOA21CD/E02000911	Walthamstow Market & South Grove
MSOA21CD/E02000912	Markhouse & St James Park
MSOA21CD/E02000926	St Mary's & Cotton Row
MSOA21CD/E02000942	Southfields North
MSOA21CD/E02000949	Springfield
MSOA21CD/E02000953	Summerstown
MSOA21CD/E02000960	St John's Wood North
MSOA21CD/E02000962	St John's Wood South
MSOA21CD/E02000972	Fitzrovia West & Soho
MSOA21CD/E02000974	Paddington & St George's Fields
MSOA21CD/E02000977	Strand, St James & Mayfair
MSOA21CD/E02000986	Eagley & Sharples
MSOA21CD/E02000991	Smithills
MSOA21CD/E02001017	Kearsley & Stoneclough
MSOA21CD/E02001020	Summerseat
MSOA21CD/E02001044	Sedgley Park
MSOA21CD/E02001093	Benchill North & Sharston
MSOA21CD/E02001098	Shaw & Crompton
MSOA21CD/E02001100	Clough & Shaw Side
MSOA21CD/E02001104	Moorside & Sholver
MSOA21CD/E02001116	Salem
MSOA21CD/E02001118	Springhead & Grasscroft
MSOA21CD/E02001134	Littleborough South & Smithy Bridge
MSOA21CD/E02001135	Hurstead & Smallbridge
MSOA21CD/E02001136	Healey, Syke & Shawclough
MSOA21CD/E02001140	Spotland Bridge
MSOA21CD/E02001142	Springfield Park
MSOA21CD/E02001151	Heywood Hopwood & Siddal Moor
MSOA21CD/E02001152	North Middleton & Stakehill
MSOA21CD/E02001162	Swinton Newtown
MSOA21CD/E02001165	Swinton West
MSOA21CD/E02001168	Swinton Worsley Road
MSOA21CD/E02001171	Swinton South East & Pendlebury West
MSOA21CD/E02001177	Weaste & Seedley
MSOA21CD/E02001192	Heaton Chapel & Shaw Road
MSOA21CD/E02001193	South Reddish & Heaton Norris
MSOA21CD/E02001200	Central Stockport, Portwood & Shaw Heath
MSOA21CD/E02001221	Hazel Grove East & South
MSOA21CD/E02001234	Smallshaw
MSOA21CD/E02001236	Stalybridge North
MSOA21CD/E02001237	Stalybridge East & Swineshaw
MSOA21CD/E02001243	Stalybridge South
MSOA21CD/E02001264	Trafford Park East & Sevenways
MSOA21CD/E02001266	Lostock & Stretford Meadows
MSOA21CD/E02001269	Stretford East
MSOA21CD/E02001270	Sale North
MSOA21CD/E02001272	Sale East
MSOA21CD/E02001273	Sale Central
MSOA21CD/E02001276	Sale Moor
MSOA21CD/E02001287	Standish North
MSOA21CD/E02001288	Standish South
MSOA21CD/E02001289	Shevington
MSOA21CD/E02001310	Platt Bridge & Spring View
MSOA21CD/E02001331	Knowsley Village & Southdene
MSOA21CD/E02001332	Stockbridge Village
MSOA21CD/E02001340	Court Hey & Swanside
MSOA21CD/E02001367	Sandfield Park & Holly Lodge
MSOA21CD/E02001375	Stoneycroft
MSOA21CD/E02001383	Chinatown, St James & Georgian Quarter
MSOA21CD/E02001394	Mossley Hill West & Sefton Park
MSOA21CD/E02001398	St Michael's & Otterspool
MSOA21CD/E02001404	Speke West & Airport
MSOA21CD/E02001405	Speke East
MSOA21CD/E02001425	Sutton Leach
MSOA21CD/E02001432	Southport Waterfront
MSOA21CD/E02001433	Southport High Park
MSOA21CD/E02001435	Southport South
MSOA21CD/E02001436	Southport Kew
MSOA21CD/E02001460	Seaforth North
MSOA21CD/E02001462	Seaforth South
MSOA21CD/E02001474	Seacombe
MSOA21CD/E02001483	Saughall Massie
MSOA21CD/E02001511	Shafton & Upper Cudworth
MSOA21CD/E02001512	Mapplewell & Staincross
MSOA21CD/E02001523	Ardsley & Stairfoot
MSOA21CD/E02001524	Silkstone, Hoylandswaine & Cawthorne
MSOA21CD/E02001542	Stainforth
MSOA21CD/E02001550	Scawthorpe
MSOA21CD/E02001559	Sprotbrough
MSOA21CD/E02001571	Warmsworth, Braithwell & Stainton
MSOA21CD/E02001580	Swinton North
MSOA21CD/E02001581	Swinton South
MSOA21CD/E02001608	Swallownest & Wales
MSOA21CD/E02001611	Stocksbridge
MSOA21CD/E02001617	Shiregreen North
MSOA21CD/E02001620	Shiregreen South
MSOA21CD/E02001621	Sheffield Lane Top & Longley Park
MSOA21CD/E02001622	Southey Green West
MSOA21CD/E02001625	Southey Green East
MSOA21CD/E02001629	Shirecliffe & Parkwood Springs
MSOA21CD/E02001638	Springvale & Steel Bank
MSOA21CD/E02001643	Sandygate & Crosspool
MSOA21CD/E02001650	Sharrow
MSOA21CD/E02001655	Richmond & Stradbroke
MSOA21CD/E02001656	Brincliffe & Sharrow Vale
MSOA21CD/E02001673	Sothall
MSOA21CD/E02001690	Swalwell
MSOA21CD/E02001691	Bensham South & Saltwell
MSOA21CD/E02001700	Sunniside & Lobley Hill
MSOA21CD/E02001712	South Gosforth
MSOA21CD/E02001724	South Jesmond & Sandyford
MSOA21CD/E02001732	Scotswood
MSOA21CD/E02001741	Wideopen & Seaton Burn
MSOA21CD/E02001744	Shiremoor North & South Wellfield
MSOA21CD/E02001748	Shiremoor South & West Allotment
MSOA21CD/E02001768	South Shields East
MSOA21CD/E02001769	South Shields West
MSOA21CD/E02001779	Simonside
MSOA21CD/E02001792	Seaburn
MSOA21CD/E02001795	Southwick
MSOA21CD/E02001797	Springwell & Usworth
MSOA21CD/E02001803	Sunderland Central & Deptford
MSOA21CD/E02001804	South Hylton
MSOA21CD/E02001817	Silksworth
MSOA21CD/E02001820	Shiney Row
MSOA21CD/E02001830	Sutton Coldfield North & Park
MSOA21CD/E02001835	Sutton Coldfield South & Central
MSOA21CD/E02001846	Short Heath
MSOA21CD/E02001850	Perry Barr & South Hamstead
MSOA21CD/E02001852	Stockland Green - Marsh Hill
MSOA21CD/E02001857	Gravelly Hill & South Erdington
MSOA21CD/E02001872	Shard End & Kingfisher
MSOA21CD/E02001877	Saltley East
MSOA21CD/E02001878	Saltley West
MSOA21CD/E02001879	Summerfield
MSOA21CD/E02001882	Stechford
MSOA21CD/E02001895	Sheldon North
MSOA21CD/E02001896	Small Heath Park
MSOA21CD/E02001897	Sparkbrook North
MSOA21CD/E02001903	Sparkbrook South
MSOA21CD/E02001907	Sheldon South
MSOA21CD/E02001908	Sparkhill North
MSOA21CD/E02001922	Selly Oak
MSOA21CD/E02001923	Springfield & Hall Green West
MSOA21CD/E02001925	Selly Oak Park & Lodge Hill
MSOA21CD/E02001926	Stirchley North & Selly Park
MSOA21CD/E02001932	Bartley Green & Shenley Fields
MSOA21CD/E02001933	Kings Heath Park & Stirchley East
MSOA21CD/E02001935	Shenley Lane
MSOA21CD/E02001938	Bournville East & Stirchley West
MSOA21CD/E02001973	Stoke Heath
MSOA21CD/E02001974	Sherbourne
MSOA21CD/E02001992	Ernesford Grange & Stoke Aldermoor
MSOA21CD/E02001997	Stivichall & Finham
MSOA21CD/E02002001	Sedgley East
MSOA21CD/E02002002	Sedgley West
MSOA21CD/E02002019	Dudley Wood & Saltwells
MSOA21CD/E02002025	Shell Corner & Hurst Green
MSOA21CD/E02002030	Amblecote West & Stambermill
MSOA21CD/E02002034	Stourbridge Town & Old Quarter
MSOA21CD/E02002052	Stone Cross & Hateley Heath
MSOA21CD/E02002065	Smethwick North & West
MSOA21CD/E02002070	Smethwick South
MSOA21CD/E02002082	Smith's Wood North
MSOA21CD/E02002084	Smith's Wood South
MSOA21CD/E02002098	Shirley East
MSOA21CD/E02002099	Central Solihull & Sharmans Cross
MSOA21CD/E02002101	Solihull Lodge
MSOA21CD/E02002103	Shirley Heath
MSOA21CD/E02002119	Shelfield
MSOA21CD/E02002128	Short Heath East
MSOA21CD/E02002129	Short Heath West
MSOA21CD/E02002137	Streetly North
MSOA21CD/E02002141	Streetly South
MSOA21CD/E02002148	Pheasey & Sutton Road
MSOA21CD/E02002200	Saltaire & Baildon West
MSOA21CD/E02002202	Shipley Town
MSOA21CD/E02002226	Shearbridge & University
MSOA21CD/E02002231	Scholemoor
MSOA21CD/E02002246	Northowram & Shelf
MSOA21CD/E02002259	Savile Park
MSOA21CD/E02002260	Sowerby Bridge
MSOA21CD/E02002261	Southowram & Siddal
MSOA21CD/E02002263	Sowerby & Luddendenfoot
MSOA21CD/E02002264	Skircoat Green
MSOA21CD/E02002269	Greetland & Stainland
MSOA21CD/E02002273	Scholes & Hunsworth
MSOA21CD/E02002277	Upper Batley & Soothill
MSOA21CD/E02002282	Staincliffe & Healey
MSOA21CD/E02002284	Shaw Cross & Hanging Heaton
MSOA21CD/E02002297	Cowcliffe & South Fixby
MSOA21CD/E02002303	Oakes & South Lindley
MSOA21CD/E02002306	Scapegoat Hill, Outlane & West Golcar
MSOA21CD/E02002319	Slaithwaite & Linthwaite
MSOA21CD/E02002320	Netherton & South Crosland
MSOA21CD/E02002324	Emley & Skelmanthorpe
MSOA21CD/E02002326	Shelley & Shepley
MSOA21CD/E02002338	Guiseley East & South
MSOA21CD/E02002349	Roundhay Park & Slaid Hill
MSOA21CD/E02002351	Scarcroft, Shadwell & Scholes
MSOA21CD/E02002364	Seacroft North & Monkswood
MSOA21CD/E02002367	Meanwood South & Sugarwell
MSOA21CD/E02002370	Swarcliffe
MSOA21CD/E02002379	Seacroft South
MSOA21CD/E02002381	Rodley & Stanningley Park
MSOA21CD/E02002391	Farsley South, Stanningley & Pudsey North West
MSOA21CD/E02002393	Lincoln Green & St James
MSOA21CD/E02002416	Garforth South, Swillington & Little Preston
MSOA21CD/E02002444	Stanley, Moorhouse & Bottomboat
MSOA21CD/E02002461	Streethouse & Sharlston Common
MSOA21CD/E02002470	Sandal
MSOA21CD/E02002477	Ryhill & South Hiendley
MSOA21CD/E02002481	South Elmsall
MSOA21CD/E02002482	South Kirkby
MSOA21CD/E02002491	Rift House & Summerhill
MSOA21CD/E02002493	Seaton Carew
MSOA21CD/E02002513	Stainton & Hemlington
MSOA21CD/E02002521	Saltburn
MSOA21CD/E02002526	Skelton
MSOA21CD/E02002527	Loftus & Skinningrove
MSOA21CD/E02002539	Billingham West, Stillington & Longnewton
MSOA21CD/E02002543	Hardwick & Salters Lane
MSOA21CD/E02002559	Faverdale, Heighington & Sadberge
MSOA21CD/E02002582	Sandymoor, Daresbury & Preston Brook
MSOA21CD/E02002605	Hood Manor & Sankey Bridges
MSOA21CD/E02002612	Stockton Heath & Hillcliffe
MSOA21CD/E02002613	Appleton Thorn, Stretton & Walton
MSOA21CD/E02002615	Roe Lee, Brownhill & Sunnybower
MSOA21CD/E02002622	Shadsworth & Intack
MSOA21CD/E02002631	South Darwen & Whitehall
MSOA21CD/E02002644	Stanley Park & Great Marton
MSOA21CD/E02002645	South Promenade & Seasiders Way
MSOA21CD/E02002649	South Shore
MSOA21CD/E02002651	Squires Gate
MSOA21CD/E02002658	Sutton North
MSOA21CD/E02002664	Sutton South
MSOA21CD/E02002667	Stoneferry & Sutton Fields
MSOA21CD/E02002668	Southcoates East
MSOA21CD/E02002671	Southcoates Central & Docks
MSOA21CD/E02002673	Southcoates West
MSOA21CD/E02002675	Sculcoates
MSOA21CD/E02002681	Boulevard & St Andrew's Quay
MSOA21CD/E02002692	Stamford Bridge & Sutton Upon Derwent
MSOA21CD/E02002693	Skipsea, Beeford & Brandesburton
MSOA21CD/E02002704	Aldbrough & Sproatley
MSOA21CD/E02002707	South Cave, Newbald & Little Weighton
MSOA21CD/E02002718	North Ferriby & Swanland
MSOA21CD/E02002721	Howden North, Eastrington & Swinefleet
MSOA21CD/E02002725	Snaith
MSOA21CD/E02002730	Sidney Park
MSOA21CD/E02002732	Laceby, Healing & Stallingborough
MSOA21CD/E02002746	Scartho
MSOA21CD/E02002755	Scunthorpe North
MSOA21CD/E02002756	Scunthorpe Central & Crosby
MSOA21CD/E02002757	Scunthorpe Berkeley
MSOA21CD/E02002758	Scunthorpe Frodingham
MSOA21CD/E02002759	Brigg & South Ferriby
MSOA21CD/E02002760	Scunthorpe Central Park
MSOA21CD/E02002762	Scunthorpe Lincoln Gardens
MSOA21CD/E02002763	Scunthorpe Lakeside
MSOA21CD/E02002764	Scunthorpe Westcliff
MSOA21CD/E02002765	Scunthorpe Ashby
MSOA21CD/E02002766	Scunthorpe Bottesford
MSOA21CD/E02002767	Scunthorpe Yaddlethorpe
MSOA21CD/E02002769	Messingham & Scawby
MSOA21CD/E02002772	Strensall
MSOA21CD/E02002777	Clifton Without & Skelton
MSOA21CD/E02002779	Heworth North & Stockton
MSOA21CD/E02002792	South Bank & Dringhouses
MSOA21CD/E02002805	Spondon North
MSOA21CD/E02002809	Spondon South
MSOA21CD/E02002822	Sunny Hill
MSOA21CD/E02002824	Sinfin
MSOA21CD/E02002825	Chellaston West & Shelton Lock
MSOA21CD/E02002829	Stocking Farm & Mowmacre
MSOA21CD/E02002838	New Parks & Stokeswood
MSOA21CD/E02002843	Spinney Hill Road
MSOA21CD/E02002844	St Matthews & Highfields North
MSOA21CD/E02002853	Stoneygate North
MSOA21CD/E02002856	Clarendon Park & Stoneygate South
MSOA21CD/E02002857	Aylestone North & Saffron Fields
MSOA21CD/E02002861	Saffron Lane
MSOA21CD/E02002877	Sherwood Vale
MSOA21CD/E02002888	St Ann's East
MSOA21CD/E02002890	St Ann's West
MSOA21CD/E02002896	Sneinton
MSOA21CD/E02002901	Wilford & Silverdale
MSOA21CD/E02002908	Shobdon, Luston & Bodenham
MSOA21CD/E02002910	Kington, Eardisley & Staunton
MSOA21CD/E02002933	Dothill & Shawbirch
MSOA21CD/E02002940	St George's
MSOA21CD/E02002950	Sutton Hill
MSOA21CD/E02002952	Goldenhill & Sandyford
MSOA21CD/E02002956	Little Chell & Stanfield
MSOA21CD/E02002958	Smallthorne & Sneyd Green
MSOA21CD/E02002966	Shelton & Joiner's Square
MSOA21CD/E02002994	Bathavon North & South
MSOA21CD/E02002999	Southdown
MSOA21CD/E02003000	Saltford, Farmborough & Timsbury
MSOA21CD/E02003013	Southmead
MSOA21CD/E02003018	Sea Mills
MSOA21CD/E02003019	Shirehampton & Avonmouth
MSOA21CD/E02003023	Stapleton
MSOA21CD/E02003026	Stoke Bishop
MSOA21CD/E02003031	Redland & St Andrew's
MSOA21CD/E02003032	Speedwell
MSOA21CD/E02003039	St George
MSOA21CD/E02003046	St Annes
MSOA21CD/E02003047	Southville
MSOA21CD/E02003060	Stockwood
MSOA21CD/E02003094	Almondsbury, Pilning & Severn Beach
MSOA21CD/E02003104	Stoke Gifford West & Little Stoke
MSOA21CD/E02003114	Staple Hill North
MSOA21CD/E02003115	Staple Hill South & Kingswood North West
MSOA21CD/E02003123	Southway
MSOA21CD/E02003130	St Budeaux
MSOA21CD/E02003145	Stoke & Pennycomequick
MSOA21CD/E02003148	City Centre, Barbican & Sutton Harbour
MSOA21CD/E02003153	Plymstock Goosewell & Staddiscombe
MSOA21CD/E02003155	St Marychurch & Maidencombe
MSOA21CD/E02003156	Shiphay & the Willows
MSOA21CD/E02003164	Preston & Shorton
MSOA21CD/E02003179	Townsend & Strouden
MSOA21CD/E02003186	Springbourne & Queen's Park
MSOA21CD/E02003189	Southbourne West
MSOA21CD/E02003211	Branksome Park, Canford Cliffs & Sandbanks
MSOA21CD/E02003219	Broad Blunsdon, South Marston & Wanborough
MSOA21CD/E02003225	Westlea & Shaw
MSOA21CD/E02003255	Stanground
MSOA21CD/E02003259	Sundon Park
MSOA21CD/E02003265	Stopsley North
MSOA21CD/E02003269	Stopsley South & Round Green
MSOA21CD/E02003273	St Anns Hill
MSOA21CD/E02003277	Farley Hill & Stockwood Park
MSOA21CD/E02003284	St Lukes
MSOA21CD/E02003287	Southchurch
MSOA21CD/E02003291	Shoeburyness
MSOA21CD/E02003293	Southend Central
MSOA21CD/E02003298	Stanford East
MSOA21CD/E02003300	Stanford West
MSOA21CD/E02003302	South Ockendon
MSOA21CD/E02003304	Stifford Clays
MSOA21CD/E02003319	Strood North & Frindsbury
MSOA21CD/E02003324	Strood South & Temple Marsh
MSOA21CD/E02003347	Settington
MSOA21CD/E02003365	Sandhurst
MSOA21CD/E02003369	Streatley & Pangbourne
MSOA21CD/E02003402	Southampton Street & Redlands Road
MSOA21CD/E02003403	Southcote
MSOA21CD/E02003410	Baylis & Stoke
MSOA21CD/E02003435	Spital & Cranbourne Park
MSOA21CD/E02003438	South Ascot & Sunningdale
MSOA21CD/E02003441	Sonning & Woodley North
MSOA21CD/E02003445	Southlake
MSOA21CD/E02003450	Shinfield
MSOA21CD/E02003454	Wokingham West & South
MSOA21CD/E02003455	Spencers Wood & Swallowfield
MSOA21CD/E02003460	Hanslope, Castlethorpe & Sherington
MSOA21CD/E02003464	Stantonbury & Bradville
MSOA21CD/E02003468	Stony Stratford & Old Wolverton
MSOA21CD/E02003470	Stacey Bushes & Fullers Slade
MSOA21CD/E02003483	Westcroft & Shenley Brook End
MSOA21CD/E02003514	Seven Dials
MSOA21CD/E02003520	St James's Street & Queen's Park
MSOA21CD/E02003523	Rottingdean & Saltdean
MSOA21CD/E02003541	Somers Town
MSOA21CD/E02003542	Southsea Haslemere Road
MSOA21CD/E02003543	Southsea Fawcett Road
MSOA21CD/E02003544	Southsea Prince Albert Road
MSOA21CD/E02003545	Southsea West
MSOA21CD/E02003547	Old Portsmouth & Southsea Common
MSOA21CD/E02003548	Southsea Waverley Road
MSOA21CD/E02003551	Stoneham
MSOA21CD/E02003553	Swaythling
MSOA21CD/E02003558	Shirley Warren
MSOA21CD/E02003561	St Denys
MSOA21CD/E02003563	Shirley South
MSOA21CD/E02003574	Sholing East
MSOA21CD/E02003578	Sholing West
MSOA21CD/E02003593	Brighstone & Shalfleet
MSOA21CD/E02003594	Sandown & Brading
MSOA21CD/E02003595	Shanklin West & Newchurch
MSOA21CD/E02003596	Shanklin Central & Lake
MSOA21CD/E02003597	Niton, Shorwell & Godshill
MSOA21CD/E02003599	Sandy North
MSOA21CD/E02003600	Sandy South
MSOA21CD/E02003609	Shefford & Shillington
MSOA21CD/E02003611	Clifton, Meppershall & Stondon
MSOA21CD/E02003612	Stotfold
MSOA21CD/E02003615	Westoning, Harlington & Silsoe
MSOA21CD/E02003616	Riseley & Sharnbrook
MSOA21CD/E02003633	Kempston West & South
MSOA21CD/E02003635	Wootton & Stewartby
MSOA21CD/E02003651	Caddington & Slip End
MSOA21CD/E02003655	Marsh Gibbon, Steeple Claydon & Tingewick
MSOA21CD/E02003657	Granborough, Stewkley & Great Brickhill
MSOA21CD/E02003669	California & Southcourt
MSOA21CD/E02003672	Stoke Mandeville & Aston Clinton
MSOA21CD/E02003673	Haddenham, Dinton & Stone
MSOA21CD/E02003685	Chalfont St Giles, Seer Green & Jordans
MSOA21CD/E02003686	Chalfont Common & St Peter East
MSOA21CD/E02003692	Stoke Poges & George Green
MSOA21CD/E02003699	Stokenchurch
MSOA21CD/E02003707	Sands
MSOA21CD/E02003733	Little Downham & Sutton
MSOA21CD/E02003735	South Ely
MSOA21CD/E02003736	Haddenham, Stretham & Witchford
MSOA21CD/E02003737	Soham
MSOA21CD/E02003740	Swaffham & Bottisham
MSOA21CD/E02003754	Stilton, Elton & Folksworth
MSOA21CD/E02003756	Sawtry & Gidding
MSOA21CD/E02003758	Somersham, Riptons & Raveleys
MSOA21CD/E02003763	St Ives North
MSOA21CD/E02003765	St Ives South
MSOA21CD/E02003771	St Neots Priory Park
MSOA21CD/E02003772	St Neots Eaton Ford
MSOA21CD/E02003773	St Neots Eynesbury
MSOA21CD/E02003774	St Neots Eaton Socon
MSOA21CD/E02003777	Longstanton, Swavesey & Oakington
MSOA21CD/E02003786	Great Shelford & Stapleford
MSOA21CD/E02003789	Sawston
MSOA21CD/E02003795	Capenhurst, Saughall & Moston
MSOA21CD/E02003819	Sandbach North
MSOA21CD/E02003820	Sandbach Ettiley Heath & Wheelock
MSOA21CD/E02003821	Sandbach Heath
MSOA21CD/E02003822	Scholar Green, Rode Heath & Brereton
MSOA21CD/E02003838	Willaston & Shavington
MSOA21CD/E02003849	Wolverham & Stanlow
MSOA21CD/E02003851	Whitby & Stanney Woods
MSOA21CD/E02003863	South Knutsford & Bexton
MSOA21CD/E02003884	Sandiway
MSOA21CD/E02003893	St Neot & St Cleer
MSOA21CD/E02003897	Saltash Latchbrook & St Stephens
MSOA21CD/E02003898	St Germans & St Mellion
MSOA21CD/E02003900	Saltash Town & Pillmere
MSOA21CD/E02003905	Grampound Road, St Newlyn East and Cubert
MSOA21CD/E02003907	St Agnes & Mount Hawke
MSOA21CD/E02003911	Shortlanesend, Chacewater & Carnon Downs
MSOA21CD/E02003917	Falmouth West & South
MSOA21CD/E02003921	St Day & Lanner
MSOA21CD/E02003926	Crowan, Wendron & Stithians
MSOA21CD/E02003931	Bude & Stratton
MSOA21CD/E02003936	Altarnun & Stoke Climsland
MSOA21CD/E02003938	Padstow & St Issey
MSOA21CD/E02003940	St Breward, Tredethy & Lanivet
MSOA21CD/E02003943	St Ives & Halsetown
MSOA21CD/E02003946	Marazion, St Erth & Gwinear Gwithian
MSOA21CD/E02003947	West Penwith & St Buryan
MSOA21CD/E02003950	St Just & Land's End
MSOA21CD/E02003952	St Columb Minor & Porth
MSOA21CD/E02003953	St Columb Major & St Mawgan
MSOA21CD/E02003961	St Austell East & Carlyon Bay
MSOA21CD/E02003962	St Austell North & Carclaze
MSOA21CD/E02003963	St Austell Central
MSOA21CD/E02003965	Wigton & Silloth
MSOA21CD/E02003966	Boltons, Warnell & Solway Coast
MSOA21CD/E02003972	Workington North & Seaton
MSOA21CD/E02003975	Harrington, Stainburn & Great Clifton
MSOA21CD/E02003983	Abbotsmead & Salthouse
MSOA21CD/E02004006	Thornhill, Gosforth & Seascale
MSOA21CD/E02004009	Hesket, Lazonby & Skelton
MSOA21CD/E02004013	Appleby, Shap & Kirkby Thore
MSOA21CD/E02004016	Windermere South & Staveley
MSOA21CD/E02004023	Sedbergh & Kirkby Lonsdale
MSOA21CD/E02004028	Swarthmoor & Low Furness
MSOA21CD/E02004031	Somercotes & Pye Bridge
MSOA21CD/E02004032	Swanwick & Leabrooks
MSOA21CD/E02004048	Bolsover North & Shuttlewood
MSOA21CD/E02004050	Shirebrook North
MSOA21CD/E02004051	Langwith, Shirebrook South & Pleasley
MSOA21CD/E02004053	South Normanton West
MSOA21CD/E02004054	South Normanton Broadmeadows & Pinxton
MSOA21CD/E02004056	Staveley & Norbriggs
MSOA21CD/E02004064	Central Chesterfield & Stonegravels
MSOA21CD/E02004066	Spital & Hasland
MSOA21CD/E02004081	Breadsall, Little Eaton & Stanley Common
MSOA21CD/E02004085	Sandiacre & Stanton
MSOA21CD/E02004092	Sawley
MSOA21CD/E02004096	Dinting, Simmondley & Charlesworth
MSOA21CD/E02004117	Stonebroom, Shirland & Wessington
MSOA21CD/E02004120	Willington North, Findern & Stenson Fields
MSOA21CD/E02004124	Swadlincote North
MSOA21CD/E02004125	Swadlincote West
MSOA21CD/E02004126	Swadlincote Central
MSOA21CD/E02004129	Dunkeswell, Upottery & Stockland
MSOA21CD/E02004137	Sidbury, Offwell & Beer
MSOA21CD/E02004138	Seaton
MSOA21CD/E02004139	Sidmouth Sidford
MSOA21CD/E02004140	Sidmouth Town
MSOA21CD/E02004152	St James's Park & Hoopern
MSOA21CD/E02004157	St Leonard's
MSOA21CD/E02004158	St Thomas East
MSOA21CD/E02004159	Middlemoor & Sowton
MSOA21CD/E02004160	St Thomas West
MSOA21CD/E02004161	Wonford & St Loye's
MSOA21CD/E02004169	Willand, Sampford Peverell & Halberton
MSOA21CD/E02004171	Bradninch, Silverton & Thorverton
MSOA21CD/E02004187	South Molton
MSOA21CD/E02004190	South Brent & Cornwood
MSOA21CD/E02004192	Marldon, Stoke Gabriel & Kingswear
MSOA21CD/E02004199	Chillington, Torcross & Stoke Fleming
MSOA21CD/E02004200	Salcombe, Malborough & Thurlestone
MSOA21CD/E02004201	Tedburn, Shillingford & Higher Ashton
MSOA21CD/E02004202	Starcross & Exminster
MSOA21CD/E02004211	Bishopsteignton & Shaldon
MSOA21CD/E02004228	Shebbear, Cookworthy & Broadheath
MSOA21CD/E02004240	Somerford
MSOA21CD/E02004243	Alderholt & Sixpenny Handley
MSOA21CD/E02004246	St Leonards
MSOA21CD/E02004247	Sturminster Marshall & Crichel
MSOA21CD/E02004257	Shaftesbury
MSOA21CD/E02004258	Sturminster Newton & Stalbridge
MSOA21CD/E02004265	Wareham, Sandford & Holton Heath
MSOA21CD/E02004268	Swanage
MSOA21CD/E02004269	Sherborne
MSOA21CD/E02004289	Southwell & Weston
MSOA21CD/E02004296	Sacriston
MSOA21CD/E02004299	Stanley North & East
MSOA21CD/E02004301	Stanley South
MSOA21CD/E02004302	Stanley West & Annfield Plain
MSOA21CD/E02004307	Langley Park & Satley
MSOA21CD/E02004311	Sherburn & West Rainton
MSOA21CD/E02004320	Seaham Northlea & Westlea
MSOA21CD/E02004321	Seaham Central & South
MSOA21CD/E02004323	South Murton & South Hetton
MSOA21CD/E02004326	Shotton & Haswell
MSOA21CD/E02004335	Spennymoor East & Ferryhill West
MSOA21CD/E02004337	Spennymoor West
MSOA21CD/E02004339	Sedgefield & Bishop Middleham
MSOA21CD/E02004340	Shildon
MSOA21CD/E02004345	Evenwood, Cockfield & Staindrop
MSOA21CD/E02004348	Stanhope & Weardale
MSOA21CD/E02004354	Saint Helen Auckland & West Auckland
MSOA21CD/E02004369	Conquest & St Helens
MSOA21CD/E02004373	Silverhill
MSOA21CD/E02004382	Ringmer, Glynde & South Heighton
MSOA21CD/E02004390	Seaford Eastbourne Road
MSOA21CD/E02004391	Seaford Town
MSOA21CD/E02004394	Burwash, Sedlescombe & Staplecross
MSOA21CD/E02004398	Bexhill North & Sidley
MSOA21CD/E02004422	Stone Cross, Westham & Pevensey Bay
MSOA21CD/E02004426	Billericay Central & Sunnymede
MSOA21CD/E02004433	Steeple View & Noak Bridge
MSOA21CD/E02004437	Laindon West & Southfields
MSOA21CD/E02004446	Steeple Bumpstead & Great Yeldham
MSOA21CD/E02004457	Silver End & Stisted
MSOA21CD/E02004468	Shenfield & Hutton Mount
MSOA21CD/E02004479	South Benfleet
MSOA21CD/E02004486	South Broomfield
MSOA21CD/E02004488	Springfield North
MSOA21CD/E02004491	Springfield South & Coronation Park
MSOA21CD/E02004502	Margaretting, Stock & Ramsden
MSOA21CD/E02004503	South Woodham Ferrers North
MSOA21CD/E02004504	South Woodham Ferrers South
MSOA21CD/E02004517	Stanway
MSOA21CD/E02004520	Shrub End
MSOA21CD/E02004527	North Weald, Matching & Sheering
MSOA21CD/E02004529	Fyfield, High Ongar & Stapleford Abbotts
MSOA21CD/E02004553	Staple Tye & Latton Bush
MSOA21CD/E02004560	Southminster, Bradwell & Dengie Peninsula
MSOA21CD/E02004576	Harwich West & South
MSOA21CD/E02004590	Jaywick & St Osyth
MSOA21CD/E02004592	Saffron Walden Town
MSOA21CD/E02004595	Stansted Mountfitchet & Elsenham
MSOA21CD/E02004600	Swindon Village & Wyman's Brook
MSOA21CD/E02004602	Springbank
MSOA21CD/E02004603	St Paul's
MSOA21CD/E02004606	Alstone & St Mark's
MSOA21CD/E02004616	Moreton & Stow-on-the-Wold
MSOA21CD/E02004618	Sandywell, Ermin & Chedworth
MSOA21CD/E02004620	Cirencester East & Stratton
MSOA21CD/E02004624	Kemble & South Cerney
MSOA21CD/E02004631	Lydbrook, Newland & St Briavels
MSOA21CD/E02004655	Stonehouse
MSOA21CD/E02004656	Stroud Town
MSOA21CD/E02004662	Berkeley & Sharpness
MSOA21CD/E02004673	Shurdington, Staverton & Witcombe
MSOA21CD/E02004676	Tadley East, Pamber & Silchester
MSOA21CD/E02004679	Bramley, Sherfield & the Sherbornes
MSOA21CD/E02004688	South Ham & West Ham
MSOA21CD/E02004704	Whitehill & Selborne
MSOA21CD/E02004727	Swanwick & Sarisbury Green
MSOA21CD/E02004728	Park Gate & Segensworth
MSOA21CD/E02004739	Stubbington
MSOA21CD/E02004771	Stockheath Common
MSOA21CD/E02004777	South Hayling
MSOA21CD/E02004793	Brockenhurst & Sway
MSOA21CD/E02004806	Cove & Southwood
MSOA21CD/E02004808	South Farnborough & North Camp
MSOA21CD/E02004820	Over Wallop & Shipton Bellinger
MSOA21CD/E02004829	South Wonston, Sutton Scotney & Micheldever
MSOA21CD/E02004830	Springvale & Itchen Abbas
MSOA21CD/E02004831	Winchester North & Sparsholt
MSOA21CD/E02004835	Winchester Central & South
MSOA21CD/E02004839	Swanmore, Hambledon & West Meon
MSOA21CD/E02004842	Denmead & Southwick
MSOA21CD/E02004888	Sawbridgeworth
MSOA21CD/E02004895	Hertford Heath & Stanstead St Margarets
MSOA21CD/E02004899	Shenley & South Mimms
MSOA21CD/E02004930	Jersey Farm & Sandridge
MSOA21CD/E02004935	St Albans Central
MSOA21CD/E02004940	Cottonmill & Sopwell
MSOA21CD/E02004944	St Nicholas
MSOA21CD/E02004948	Symonds Green
MSOA21CD/E02004953	Shephall
MSOA21CD/E02004958	Croxley North & Sarratt
MSOA21CD/E02004967	South Oxhey
MSOA21CD/E02004969	Stanborough
MSOA21CD/E02005002	Beaver & Singleton
MSOA21CD/E02005003	Washford & Stanhope
MSOA21CD/E02005006	Biddenden, Smarden & High Halden
MSOA21CD/E02005013	Hampton, West End & Swalecliffe
MSOA21CD/E02005014	Chestfield & South Tankerton
MSOA21CD/E02005018	Seasalter
MSOA21CD/E02005020	Sturry and Fordwich
MSOA21CD/E02005025	South Canterbury
MSOA21CD/E02005031	Swanscombe
MSOA21CD/E02005033	Stone & Crossways
MSOA21CD/E02005039	Bean, Darenth & Sutton at Hone
MSOA21CD/E02005040	Longfield, New Barn & Southfleet
MSOA21CD/E02005042	Sandwich & Eastry
MSOA21CD/E02005048	Eythorne & Shepherdswell
MSOA21CD/E02005049	Kingsdown & St Margaret's-at-Cliffe
MSOA21CD/E02005051	Buckland & St Radigunds
MSOA21CD/E02005064	Higham & Shorne
MSOA21CD/E02005065	Singlewell
MSOA21CD/E02005067	Sole Street & Vigo
MSOA21CD/E02005080	Parkwood & Senacre
MSOA21CD/E02005084	Headcorn & Sutton Valence
MSOA21CD/E02005086	Staplehurst
MSOA21CD/E02005087	Swanley East & Hextable
MSOA21CD/E02005088	Swanley West
MSOA21CD/E02005089	Swanley South & Crockenhill
MSOA21CD/E02005094	Knockholt, Shoreham & Dunton Green
MSOA21CD/E02005096	Sevenoaks North
MSOA21CD/E02005097	Sevenoaks West & Chevening
MSOA21CD/E02005098	Sevenoaks Town & Weald
MSOA21CD/E02005107	Folkestone Morehall & Sandgate
MSOA21CD/E02005109	Saltwood, Seabrook & Etchinghill
MSOA21CD/E02005112	Dymchurch, St Mary's Bay & Brookland
MSOA21CD/E02005115	Sheerness East
MSOA21CD/E02005116	Sheerness West
MSOA21CD/E02005120	Sheppey East
MSOA21CD/E02005124	Sittingbourne Central & Milton Regis
MSOA21CD/E02005125	Sittingbourne East
MSOA21CD/E02005126	Sittingbourne West
MSOA21CD/E02005127	Sittingbourne South, Bapchild & Bredgar
MSOA21CD/E02005131	Boughton & Selling
MSOA21CD/E02005135	Salmestone
MSOA21CD/E02005145	Minster & St-Nicholas-at-Wade
MSOA21CD/E02005150	Snodland
MSOA21CD/E02005154	Borough Green, Wrotham & Shipbourne
MSOA21CD/E02005163	Southborough West
MSOA21CD/E02005164	Southborough East & Longfield Road
MSOA21CD/E02005166	High Brooms & Sherwood
MSOA21CD/E02005167	Langton Green, Speldhurst & Bidborough
MSOA21CD/E02005174	Cranbrook, Sissinghurst & Frittenden
MSOA21CD/E02005175	Hawkhurst, Benenden & Sandhurst
MSOA21CD/E02005198	Chorley Town & South
MSOA21CD/E02005203	Elswick, Singleton & Weeton
MSOA21CD/E02005206	St Annes North & Airport
MSOA21CD/E02005208	St Annes Town
MSOA21CD/E02005221	Carnforth, Silverdale & Warton
MSOA21CD/E02005231	Skerton & Vale
MSOA21CD/E02005237	Marsh, Haverbreaks & Scotforth West
MSOA21CD/E02005238	Scotforth East & Bowerham
MSOA21CD/E02005242	Earby & Salterforth
MSOA21CD/E02005266	St Matthew's
MSOA21CD/E02005267	St George's
MSOA21CD/E02005270	Waddington, Gisburn & Slaidburn
MSOA21CD/E02005274	Read, Sabden & Chatburn
MSOA21CD/E02005303	Seven Stars
MSOA21CD/E02005306	Scarisbrick, Halsall & Haskayne
MSOA21CD/E02005312	Skelmersdale Ashurst
MSOA21CD/E02005313	Skelmersdale Central
MSOA21CD/E02005314	Skelmersdale West
MSOA21CD/E02005316	Skelmersdale East
MSOA21CD/E02005317	Skelmersdale South East
MSOA21CD/E02005322	Preesall, Stalmine & Hambleton
MSOA21CD/E02005344	Stoney Stanton, Sapcote & Sharnford
MSOA21CD/E02005349	Shepshed West
MSOA21CD/E02005350	Shepshed East
MSOA21CD/E02005357	Sileby
MSOA21CD/E02005361	Syston West
MSOA21CD/E02005362	Syston East
MSOA21CD/E02005372	Dunton Bassett, Claybrooke & Swinford
MSOA21CD/E02005380	Market Bosworth, Barlestone & Sheepy Magna
MSOA21CD/E02005384	Stoke Golding, Higham & Fenny Drayton
MSOA21CD/E02005390	Burbage Sketchley & Stretton
MSOA21CD/E02005400	Thringstone & Swannington
MSOA21CD/E02005415	South Wigston
MSOA21CD/E02005420	Skirbeck
MSOA21CD/E02005422	Swineshead, Bicker & Holland Fen
MSOA21CD/E02005425	Marshchapel, Somercotes & Grimoldby
MSOA21CD/E02005427	Louth Central & South
MSOA21CD/E02005429	Sutton-on-Sea
MSOA21CD/E02005432	Little Cawthorpe & South Wolds
MSOA21CD/E02005435	Skegness North
MSOA21CD/E02005436	Spilsby & Burgh le Marsh
MSOA21CD/E02005437	Skegness Town
MSOA21CD/E02005438	Skegness South
MSOA21CD/E02005441	Mareham, Sibsey & New Leake
MSOA21CD/E02005445	Monks Road, St Giles & Greetwell
MSOA21CD/E02005447	Pelham Bridge & South Common
MSOA21CD/E02005452	Bracebridge South & Swallow Beck
MSOA21CD/E02005455	Skellingthorpe, Witham & Bassingham
MSOA21CD/E02005462	Sleaford East
MSOA21CD/E02005463	Sleaford West
MSOA21CD/E02005470	Spalding North
MSOA21CD/E02005471	Spalding East
MSOA21CD/E02005472	Long Sutton East & Sutton Bridge
MSOA21CD/E02005473	Spalding South West
MSOA21CD/E02005484	Harlaxton, Colsterworth & South Witham
MSOA21CD/E02005490	Stamford North
MSOA21CD/E02005491	Stamford Central, West and South
MSOA21CD/E02005493	Morton, Blyton & Scotter
MSOA21CD/E02005496	Hemswell & Spital
MSOA21CD/E02005498	Torksey & Stow
MSOA21CD/E02005500	Saxilby & Scampton
MSOA21CD/E02005501	Nettleham, Sudbrooke & Scothern
MSOA21CD/E02005503	Bawdeswell, Swanton Morley & North Elmham
MSOA21CD/E02005509	Swaffham
MSOA21CD/E02005510	Shipdham, Bradenham & Saham Toney
MSOA21CD/E02005515	Buckenhams & Snetterton
MSOA21CD/E02005524	Spixworth & St Faiths
MSOA21CD/E02005531	Sprowston Central
MSOA21CD/E02005532	Sprowston East
MSOA21CD/E02005544	Southtown & Cobholm
MSOA21CD/E02005553	Heacham & Snettisham
MSOA21CD/E02005554	Dersingham, Sandringham & Massingham
MSOA21CD/E02005560	Fairstead & Springwood
MSOA21CD/E02005561	Town, South Lynn & West Lynn
MSOA21CD/E02005564	West Winch, Marham & Shouldham
MSOA21CD/E02005568	Stoke Ferry, Hilgay & Wimbotsham
MSOA21CD/E02005569	Southery, Feltwell & Hockwold
MSOA21CD/E02005570	Sheringham
MSOA21CD/E02005575	Beeston Regis, Saxthorpe & Aldborough
MSOA21CD/E02005582	Stalham & Sea Palling
MSOA21CD/E02005602	Trowse, Poringland & Stoke Holy Cross
MSOA21CD/E02005603	Wymondham East & Spooner Row
MSOA21CD/E02005604	Loddon, Surlingham & Alpington
MSOA21CD/E02005605	Mulbarton, Tasburgh & Saxlingham Nethergate
MSOA21CD/E02005610	Scole, Dickleburgh & Bressingham
MSOA21CD/E02005620	Brixworth & Spratton
MSOA21CD/E02005626	Daventry South & Southbrook
MSOA21CD/E02005628	Woodford Halse, Byfield & Staverton
MSOA21CD/E02005632	Ringstead, Woodford & Stanwick
MSOA21CD/E02005639	Geddington, Rushton & Stoke Albany
MSOA21CD/E02005652	Sunnyside
MSOA21CD/E02005655	Boothville & Spinney Hill
MSOA21CD/E02005658	St David's
MSOA21CD/E02005666	King's Heath & Spencer
MSOA21CD/E02005670	Town Centre & Semilong
MSOA21CD/E02005672	St Michael's Road
MSOA21CD/E02005673	Stornton & Sixfields
MSOA21CD/E02005687	Silverstone & Syresham & Helmdon
MSOA21CD/E02005704	Amble, Shilbottle & Swarland
MSOA21CD/E02005708	Seahouses, Belford & Wooler
MSOA21CD/E02005719	Seaton Delaval & Seghill
MSOA21CD/E02005726	Darras Hall, Stamfordham & Heddon
MSOA21CD/E02005739	Guide Post & Stakeford
MSOA21CD/E02005740	Bedlington Station & Sleekburn
MSOA21CD/E02005744	Settle, Hellifield & Horton
MSOA21CD/E02005746	Skipton Town & East
MSOA21CD/E02005747	Skipton South
MSOA21CD/E02005749	Sutton & Crosshills
MSOA21CD/E02005750	Great Ayton & Stokesley
MSOA21CD/E02005755	Bedale & Snape
MSOA21CD/E02005759	Easingwold & Stillington
MSOA21CD/E02005771	Saltergate
MSOA21CD/E02005774	Starbeck
MSOA21CD/E02005779	Stray
MSOA21CD/E02005781	Spofforth, Burn Bridge & Huby
MSOA21CD/E02005791	Rillington & Sherburn
MSOA21CD/E02005794	Sheriff Hutton, Slingsby & Swinton
MSOA21CD/E02005798	Burniston, Sleights & Fylingdales
MSOA21CD/E02005799	Newby & Scalby
MSOA21CD/E02005800	Scarborough Town & North Bay
MSOA21CD/E02005802	Scarborough Central
MSOA21CD/E02005804	Ramshill & South Cliff
MSOA21CD/E02005806	Eastfield, Crossgates & Seamer
MSOA21CD/E02005807	Ayton & Snainton
MSOA21CD/E02005812	Sherburn in Elmet & South Milford
MSOA21CD/E02005813	Selby Town
MSOA21CD/E02005814	Selby West
MSOA21CD/E02005815	Selby South, Brayton & Barlow
MSOA21CD/E02005818	Eggborough, Kellington & Smeaton
MSOA21CD/E02005819	Stanton Hill & Skegby
MSOA21CD/E02005820	The Dales & South Skegby
MSOA21CD/E02005822	Sutton Forest Side & New Cross
MSOA21CD/E02005823	Sutton Central & Leamington
MSOA21CD/E02005824	Sutton St Mary's & Ashfields
MSOA21CD/E02005829	Selston
MSOA21CD/E02005843	Worksop West, Shireoaks & Rhodesia
MSOA21CD/E02005847	Worksop Town & South
MSOA21CD/E02005857	Stapleford North
MSOA21CD/E02005859	Stapleford South
MSOA21CD/E02005895	Muskham, Sutton on Trent & Walesby
MSOA21CD/E02005900	Southwell
MSOA21CD/E02005908	Radcliffe on Trent & Shelford
MSOA21CD/E02005919	Ratcliffe, Sutton Bonington & Gotham
MSOA21CD/E02005921	Cropredy, Wroxton & Shennington
MSOA21CD/E02005929	Sibford, Hook Norton & Milcombe
MSOA21CD/E02005930	Deddington, Steeple Aston & Heyfords
MSOA21CD/E02005941	Summertown
MSOA21CD/E02005946	Risinghurst & Sandhills
MSOA21CD/E02005964	Chalgrove, Stadhampton & Dorchester
MSOA21CD/E02005976	Shiplake & Binfield Heath
MSOA21CD/E02005977	Sonning Common & Kidmore End
MSOA21CD/E02005986	Faringdon & Stanford
MSOA21CD/E02005987	Sutton Courtenay, Drayton & Steventon
MSOA21CD/E02005992	South Wantage, Harwell & Blewbury
MSOA21CD/E02005996	Woodstock, Stonesfield & Tackley
MSOA21CD/E02006003	Eynsham & Stanton Harcourt
MSOA21CD/E02006007	Bampton, Clanfield & Standlake
MSOA21CD/E02006008	Shifnal
MSOA21CD/E02006022	Shawbury & Weston
MSOA21CD/E02006023	Gobowen, St Martin's & Weston Rhyn
MSOA21CD/E02006029	Shrewsbury Harlescott Grange
MSOA21CD/E02006030	Shrewsbury Harlescott & Sundorne
MSOA21CD/E02006031	Shrewsbury Greenfields
MSOA21CD/E02006032	Shrewsbury Monkmoor
MSOA21CD/E02006033	Shrewsbury Town
MSOA21CD/E02006034	Shrewsbury Copthorne & Bowbrook
MSOA21CD/E02006035	Shrewsbury London Road
MSOA21CD/E02006036	Shrewsbury Sutton & Coleham
MSOA21CD/E02006037	Shrewsbury Meole & Kingsland
MSOA21CD/E02006048	Stratton, Holcombe & Highbury
MSOA21CD/E02006055	Shepton Mallet
MSOA21CD/E02006058	Glastonbury West & Street South
MSOA21CD/E02006060	Street Village
MSOA21CD/E02006074	Stockmoor & North Petherton
MSOA21CD/E02006077	Somerton
MSOA21CD/E02006080	Ilchester, Sparkford & Mudford
MSOA21CD/E02006084	South Petherton, Seavington & Kingsbury
MSOA21CD/E02006094	Stoford & the Cokers
MSOA21CD/E02006116	Williton, Quantock & Stogursey
MSOA21CD/E02006152	Lichfield West & South
MSOA21CD/E02006156	Shenstone, Stonnall & Little Aston
MSOA21CD/E02006169	Silverdale & Keele
MSOA21CD/E02006172	Westlands & Seabridge
MSOA21CD/E02006179	Featherstone West, Coven & Shareshill
MSOA21CD/E02006186	Wombourne Outer, Swindon & Seisdon
MSOA21CD/E02006189	Barlaston, Tittensor & Swynnerton
MSOA21CD/E02006190	Stone Town
MSOA21CD/E02006193	Stafford Common & Great Bridgeford
MSOA21CD/E02006196	Stafford North East
MSOA21CD/E02006203	Mosspit & Silkmore Lane
MSOA21CD/E02006231	Sproughton, Washbrook & Hintlesham
MSOA21CD/E02006233	Sudbury
MSOA21CD/E02006237	Shotley Peninsula
MSOA21CD/E02006243	North Newmarket, Studlands & Exning
MSOA21CD/E02006256	Maidenhall, Stoke & Port
MSOA21CD/E02006259	Stoke Park
MSOA21CD/E02006265	Stowupland, Mendlesham & Bacton
MSOA21CD/E02006267	Debenham, Stonham & Coddenham
MSOA21CD/E02006268	Stowmarket West
MSOA21CD/E02006269	Stowmarket Outer, Finborough & Battisford
MSOA21CD/E02006270	Stowmarket East & Needham Market North
MSOA21CD/E02006273	Stanton & Barningham
MSOA21CD/E02006280	Barrow, Chedburgh & Sicklesmere
MSOA21CD/E02006281	Eastgate & Southgate
MSOA21CD/E02006286	Haverhill East & South
MSOA21CD/E02006289	Saxmundham & Coldfair Green
MSOA21CD/E02006302	Gunton East, Corton & Somerleyton
MSOA21CD/E02006315	Southwold, Reydon & Wrentham
MSOA21CD/E02006334	Oxshott & Stoke D'Abernon
MSOA21CD/E02006337	Stoneleigh & Auriol
MSOA21CD/E02006344	West Clandon & Send
MSOA21CD/E02006349	Stoughton
MSOA21CD/E02006350	Bellfields, Slyfield & Weyfield
MSOA21CD/E02006360	Shalford & Wanborough
MSOA21CD/E02006361	Gomshall, Shere & Albury
MSOA21CD/E02006389	Salfords & Woodhatch
MSOA21CD/E02006403	Stanwell North & Stanwell Moor
MSOA21CD/E02006404	Stanwell South
MSOA21CD/E02006406	Staines Town
MSOA21CD/E02006409	Staines South East
MSOA21CD/E02006410	Sunbury Common
MSOA21CD/E02006411	Staines South West
MSOA21CD/E02006412	Sunbury East
MSOA21CD/E02006413	Halliford & Sunbury West
MSOA21CD/E02006414	Littleton & Shepperton Green
MSOA21CD/E02006415	Shepperton Town
MSOA21CD/E02006438	Smallfield & Felbridge
MSOA21CD/E02006446	Blackheath, Wonersh & Shamley Green
MSOA21CD/E02006459	Sheerwater
MSOA21CD/E02006464	St John's
MSOA21CD/E02006475	Weddington & St Nicholas Park
MSOA21CD/E02006481	Stockingford
MSOA21CD/E02006500	Town South & School
MSOA21CD/E02006503	Dunchurch, Stretton-on-Dunsmore & Marton
MSOA21CD/E02006504	Earlswood, Tanworth-in-Arden & Sambourne
MSOA21CD/E02006506	Studley
MSOA21CD/E02006507	Southam, Stockton & Napton
MSOA21CD/E02006511	Wellesbourne & Snitterfield
MSOA21CD/E02006512	Stratford North
MSOA21CD/E02006513	Stratford South East & Tiddington
MSOA21CD/E02006514	Stratford South West
MSOA21CD/E02006518	Shipston-on-Stour & Brailes
MSOA21CD/E02006523	Cubbington, Stoneleigh & Radford Semele
MSOA21CD/E02006528	Leamington East & Sydenham
MSOA21CD/E02006537	Kingston & Southwick
MSOA21CD/E02006538	Shoreham Central & Beach
MSOA21CD/E02006539	Cokeham & Sompting
MSOA21CD/E02006541	South Lancing
MSOA21CD/E02006555	South Bersted
MSOA21CD/E02006563	Milland & South Harting
MSOA21CD/E02006566	Dean, Lavant & Summersdale
MSOA21CD/E02006569	Southbourne, Bosham & Thorney
MSOA21CD/E02006571	Stockbridge & Fishbourne
MSOA21CD/E02006574	Selsey
MSOA21CD/E02006581	Southgate
MSOA21CD/E02006592	Rudgwick, Slinfold & Barns Green
MSOA21CD/E02006596	Southwater
MSOA21CD/E02006600	Amberley, Pulborough & Storrington
MSOA21CD/E02006601	Henfield & Small Dole
MSOA21CD/E02006603	Steyning & Upper Beeding
MSOA21CD/E02006607	East Grinstead West & South
MSOA21CD/E02006609	Horsted Keynes, Ardingly & Sharpthorne
MSOA21CD/E02006622	Salvington
MSOA21CD/E02006647	Somerford, Dauntsey & Minety
MSOA21CD/E02006648	Sherston & Hullavington
MSOA21CD/E02006651	Sutton Benger, Kington & Biddestone
MSOA21CD/E02006661	Larkhill, Shrewton & Bulford Camp
MSOA21CD/E02006666	Salisbury Bishopsdown
MSOA21CD/E02006667	Salisbury Bemerton
MSOA21CD/E02006668	Salisbury Stratford
MSOA21CD/E02006670	Salisbury Churchfields
MSOA21CD/E02006671	Salisbury Town North & Milford
MSOA21CD/E02006673	Salisbury Cathedral & Harnham
MSOA21CD/E02006674	Salisbury East Harnham
MSOA21CD/E02006683	Staverton, Hilperton & Semington
MSOA21CD/E02006689	Steeple Ashton, North Bradley & Southwick
MSOA21CD/E02006706	Bromsgrove Central & Sanders Park
MSOA21CD/E02006709	Stoke Heath, Finstall & Bentley
MSOA21CD/E02006712	Broadheath, Sinton & Alfrick
MSOA21CD/E02006726	Southcrest
MSOA21CD/E02006742	Dines Green & St Johns
MSOA21CD/E02006747	St Peters
MSOA21CD/E02006765	Broadway, Wickhamford & Sedgeberrow
MSOA21CD/E02006776	Spennells & Hoobrook
MSOA21CD/E02006778	Stourport Lickhill & Burlish
MSOA21CD/E02006779	Stourport Mitton & Wilden
MSOA21CD/E02006780	Stourport Areley Kings
MSOA21CD/E02006788	South Norwood Park
MSOA21CD/E02006796	South Ruislip
MSOA21CD/E02006801	Lambeth North, Waterloo & South Bank
MSOA21CD/E02006802	Southwark St George's
MSOA21CD/E02006808	Shirley West
MSOA21CD/E02006816	Houghton, Thurnby & Scraptoft
MSOA21CD/E02006826	South Newmarket & Racecourse
MSOA21CD/E02006827	Heanor South & Shipley Park
MSOA21CD/E02006828	Shipley
MSOA21CD/E02006836	Belmont & South Cheam
MSOA21CD/E02006845	South Worle, West Wick & St Georges
MSOA21CD/E02006857	St Anthony's Hill
MSOA21CD/E02006858	Sovereign Harbour
MSOA21CD/E02006859	South Chafford
MSOA21CD/E02006863	Snatchill
MSOA21CD/E02006871	Scale Hall & Torrisholme
MSOA21CD/E02006876	Leeds Dock, Hunslet & Stourton
MSOA21CD/E02006884	Waterfoot & Stacksteads
MSOA21CD/E02006886	Shrivenham, Watchfield & Uffington
MSOA21CD/E02006910	South Bank & Teesville
MSOA21CD/E02006915	Strangeways
MSOA21CD/E02006916	Hulme Park & St George's
MSOA21CD/E02006919	Swadlincote South
MSOA21CD/E02006920	Swadlincote East
MSOA21CD/E02006943	Smethwick East
MSOA21CD/E02006944	Smethwick South East
MSOA21CD/E02006945	Steeton & Silsden Rural
MSOA21CD/E02006946	Silsden
MSOA21CD/E02006949	St Werburghs
MSOA21CD/E02006950	St Pauls
MSOA21CD/E02006954	Colindale West & South
MSOA21CD/E02006963	Salford Quays
MSOA21CD/E02006970	Southall Green East
MSOA21CD/E02006971	Southall Green West
MSOA21CD/E02006974	Longton West & Sandford Hill
MSOA21CD/E02006988	South End & St Peter's Road
MSOA21CD/E02006990	Stonehouse
MSOA21CD/E02006996	Carpenters Estate & Stratford New Town
MSOA21CD/E02006999	Silvertown & Royal Wharf
MSOA21CD/E02007010	Wilstead & Shortstown
MSOA21CD/E02007016	Shenley Wood & Crownhill
MSOA21CD/E02007024	Westbury Town & South
MSOA21CD/E02007027	Broadclyst, West Clyst & Stoke Canon
MSOA21CD/E02007030	Church Minshull, Kingsbourne & Sound
MSOA21CD/E02007035	Bishop's Cleeve East & South
MSOA21CD/E02007040	Sparkhill South
MSOA21CD/E02007041	Skipton North & Upper Wharfedale
MSOA21CD/E02007052	Heigham Grove & St Augustines
MSOA21CD/E02007063	Ingleby Barwick West & South
MSOA21CD/E02007066	Great Stoke & Stoke Park
MSOA21CD/E02007067	Frenchay & Stoke Gifford East
MSOA21CD/E02007074	St Mary's
MSOA21CD/E02007100	Shieldfield & Quayside
MSOA21CD/E02007103	Byker South & St Peters
MSOA21CD/E02007105	Ashington West & South
MSOA21CD/E02007107	Stocksfield, Riding Mill & Corbridge
MSOA21CD/E02007111	Shoreditch
MSOA21CD/W02000051	St Asaph & Trefnant
MSOA21CD/W02000066	Shotton & Garden City
MSOA21CD/W02000068	Queensferry & Sandycroft
MSOA21CD/W02000069	Buckley North, Northop & Sychdyn
MSOA21CD/W02000072	Broughton & Saltney
MSOA21CD/W02000081	Gwersyllt West & Summerhill
MSOA21CD/W02000128	St Davids & Letterston
MSOA21CD/W02000133	Johnston, Broad Haven & St Ishmaels
MSOA21CD/W02000136	Saundersfoot
MSOA21CD/W02000152	Llandybie & Saron
MSOA21CD/W02000160	Swiss Valley & Llangennech
MSOA21CD/W02000188	St Thomas
MSOA21CD/W02000194	Sketty
MSOA21CD/W02000208	Skewen & Jersey Marine
MSOA21CD/W02000214	Sandfields
MSOA21CD/W02000224	Sarn, Bryn-coch & Bryncethin
MSOA21CD/W02000244	Lower Penarth & Sully
MSOA21CD/W02000297	St Cattwg
MSOA21CD/W02000316	Sirhowy
MSOA21CD/W02000328	Griffithstown & Sebastopol
MSOA21CD/W02000352	Shaftesbury & Crindai
MSOA21CD/W02000353	St Julians & Barnardtown
MSOA21CD/W02000359	Victoria & Somerton
MSOA21CD/W02000360	Stow Hill
MSOA21CD/W02000377	Pwll-mawr & St Mellons East
MSOA21CD/W02000379	St Mellons West
MSOA21CD/W02000380	Creigiau, Pentyrch & St Fagans
MSOA21CD/W02000404	Splott
MSOA21CD/W02000408	South Riverside
MSOA21CD/W02000414	Sennybridge & Talybont-on-Usk
PCON17CD/E14000567	Birmingham, Selly Oak
PCON17CD/E14000676	Ealing, Southall
PCON17CD/E14000692	Enfield, Southgate
PCON17CD/E14000880	Plymouth, Sutton and Devonport
PCON17CD/E14000910	Saffron Walden
PCON17CD/E14000911	Salford and Eccles
PCON17CD/E14000912	Salisbury
PCON17CD/E14000913	Scarborough and Whitby
PCON17CD/E14000914	Scunthorpe
PCON17CD/E14000915	Sedgefield
PCON17CD/E14000916	Sefton Central
PCON17CD/E14000917	Selby and Ainsty
PCON17CD/E14000918	Sevenoaks
PCON17CD/E14000919	Sheffield Central
PCON17CD/E14000920	Sheffield South East
PCON17CD/E14000921	Sheffield, Brightside and Hillsborough
PCON17CD/E14000922	Sheffield, Hallam
PCON17CD/E14000923	Sheffield, Heeley
PCON17CD/E14000924	Sherwood
PCON17CD/E14000925	Shipley
PCON17CD/E14000926	Shrewsbury and Atcham
PCON17CD/E14000927	Sittingbourne and Sheppey
PCON17CD/E14000928	Skipton and Ripon
PCON17CD/E14000929	Sleaford and North Hykeham
PCON17CD/E14000930	Slough
PCON17CD/E14000931	Solihull
PCON17CD/E14000932	Somerton and Frome
PCON17CD/E14000933	South Basildon and East Thurrock
PCON17CD/E14000934	South Cambridgeshire
PCON17CD/E14000935	South Derbyshire
PCON17CD/E14000936	South Dorset
PCON17CD/E14000937	South East Cambridgeshire
PCON17CD/E14000938	South East Cornwall
PCON17CD/E14000939	South Holland and The Deepings
PCON17CD/E14000940	South Leicestershire
PCON17CD/E14000941	South Norfolk
PCON17CD/E14000942	South Northamptonshire
PCON17CD/E14000943	South Ribble
PCON17CD/E14000944	South Shields
PCON17CD/E14000945	South Staffordshire
PCON17CD/E14000946	South Suffolk
PCON17CD/E14000947	South Swindon
PCON17CD/E14000948	South Thanet
PCON17CD/E14000949	South West Bedfordshire
PCON17CD/E14000950	South West Devon
PCON17CD/E14000951	South West Hertfordshire
PCON17CD/E14000952	South West Norfolk
PCON17CD/E14000953	South West Surrey
PCON17CD/E14000954	South West Wiltshire
PCON17CD/E14000955	Southampton, Itchen
PCON17CD/E14000956	Southampton, Test
PCON17CD/E14000957	Southend West
PCON17CD/E14000958	Southport
PCON17CD/E14000959	Spelthorne
PCON17CD/E14000960	St Albans
PCON17CD/E14000961	St Austell and Newquay
PCON17CD/E14000962	St Helens North
PCON17CD/E14000963	St Helens South and Whiston
PCON17CD/E14000964	St Ives
PCON17CD/E14000965	Stafford
PCON17CD/E14000966	Staffordshire Moorlands
PCON17CD/E14000967	Stalybridge and Hyde
PCON17CD/E14000968	Stevenage
PCON17CD/E14000969	Stockport
PCON17CD/E14000970	Stockton North
PCON17CD/E14000971	Stockton South
PCON17CD/E14000972	Stoke-on-Trent Central
PCON17CD/E14000973	Stoke-on-Trent North
PCON17CD/E14000974	Stoke-on-Trent South
PCON17CD/E14000975	Stone
PCON17CD/E14000976	Stourbridge
PCON17CD/E14000977	Stratford-on-Avon
PCON17CD/E14000978	Streatham
PCON17CD/E14000979	Stretford and Urmston
PCON17CD/E14000980	Stroud
PCON17CD/E14000981	Suffolk Coastal
PCON17CD/E14000982	Sunderland Central
PCON17CD/E14000983	Surrey Heath
PCON17CD/E14000984	Sutton and Cheam
PCON17CD/E14000985	Sutton Coldfield
PCON17CD/N06000014	South Antrim
PCON17CD/N06000015	South Down
PCON17CD/N06000016	Strangford
PCON17CD/S14000009	Caithness, Sutherland and Easter Ross
PCON17CD/S14000019	East Kilbride, Strathaven and Lesmahagow
PCON17CD/S14000055	Ross, Skye and Lochaber
PCON17CD/S14000057	Stirling
PCON17CD/W07000047	Swansea West
PCON17CD/W07000048	Swansea East
WD21CD/E05000100	Stonebridge
WD21CD/E05000101	Sudbury
WD21CD/E05000126	Shortlands
WD21CD/E05000143	St Pancras and Somers Town
WD21CD/E05000144	Swiss Cottage
WD21CD/E05000188	South Acton
WD21CD/E05000189	Southall Broadway
WD21CD/E05000190	Southall Green
WD21CD/E05000191	Southfield
WD21CD/E05000207	Southbury
WD21CD/E05000208	Southgate
WD21CD/E05000209	Southgate Green
WD21CD/E05000227	Shooters Hill
WD21CD/E05000262	Sands End
WD21CD/E05000263	Shepherd's Bush Green
WD21CD/E05000277	St Ann's
WD21CD/E05000278	Seven Sisters
WD21CD/E05000279	Stroud Green
WD21CD/E05000303	Stanmore Park
WD21CD/E05000320	St Andrew's
WD21CD/E05000321	South Hornchurch
WD21CD/E05000322	Squirrel's Heath
WD21CD/E05000338	South Ruislip
WD21CD/E05000364	Syon
WD21CD/E05000378	St George's
WD21CD/E05000379	St Mary's
WD21CD/E05000380	St Peter's
WD21CD/E05000411	St James
WD21CD/E05000412	St Mark's
WD21CD/E05000413	Surbiton Hill
WD21CD/E05000428	St Leonard's
WD21CD/E05000429	Stockwell
WD21CD/E05000430	Streatham Hill
WD21CD/E05000431	Streatham South
WD21CD/E05000432	Streatham Wells
WD21CD/E05000452	Sydenham
WD21CD/E05000470	St Helier
WD21CD/E05000492	Stratford and New Town
WD21CD/E05000527	St Margarets and North Twickenham
WD21CD/E05000528	South Richmond
WD21CD/E05000529	South Twickenham
WD21CD/E05000562	St Helier
WD21CD/E05000563	Stonecot
WD21CD/E05000564	Sutton Central
WD21CD/E05000565	Sutton North
WD21CD/E05000566	Sutton South
WD21CD/E05000567	Sutton West
WD21CD/E05000622	St Mary's Park
WD21CD/E05000623	Shaftesbury
WD21CD/E05000624	Southfields
WD21CD/E05000644	St James's
WD21CD/E05000666	Smithills
WD21CD/E05000683	St Mary's
WD21CD/E05000684	Sedgley
WD21CD/E05000731	Saddleworth North
WD21CD/E05000732	Saddleworth South
WD21CD/E05000733	Saddleworth West and Lees
WD21CD/E05000734	St James'
WD21CD/E05000735	St Mary's
WD21CD/E05000736	Shaw
WD21CD/E05000753	Smallbridge and Firgrove
WD21CD/E05000754	South Middleton
WD21CD/E05000755	Spotland and Falinge
WD21CD/E05000799	Stepping Hill
WD21CD/E05000816	St Peter's
WD21CD/E05000817	Stalybridge North
WD21CD/E05000818	Stalybridge South
WD21CD/E05000834	St Mary's
WD21CD/E05000835	Sale Moor
WD21CD/E05000836	Stretford
WD21CD/E05000858	Shevington with Lower Ground
WD21CD/E05000859	Standish with Langtree
WD21CD/E05000908	St Michael's
WD21CD/E05000909	Speke-Garston
WD21CD/E05000927	Sutton
WD21CD/E05000951	St Oswald
WD21CD/E05000952	Sudell
WD21CD/E05000972	Seacombe
WD21CD/E05000993	St Helens
WD21CD/E05000994	Stairfoot
WD21CD/E05001083	Saltwell
WD21CD/E05001129	St Mary's
WD21CD/E05001148	Simonside and Rekendyke
WD21CD/E05001165	St Anne's
WD21CD/E05001166	St Chad's
WD21CD/E05001167	St Michael's
WD21CD/E05001168	St Peter's
WD21CD/E05001169	Sandhill
WD21CD/E05001170	Shiney Row
WD21CD/E05001171	Silksworth
WD21CD/E05001172	Southwick
WD21CD/E05001228	St Michael's
WD21CD/E05001229	Sherbourne
WD21CD/E05001254	St James's
WD21CD/E05001255	St Thomas's
WD21CD/E05001256	Sedgley
WD21CD/E05001276	St Pauls
WD21CD/E05001277	Smethwick
WD21CD/E05001278	Soho and Victoria
WD21CD/E05001295	St Alphege
WD21CD/E05001296	Shirley East
WD21CD/E05001297	Shirley South
WD21CD/E05001298	Shirley West
WD21CD/E05001299	Silhill
WD21CD/E05001300	Smith's Wood
WD21CD/E05001316	St Matthew's
WD21CD/E05001317	Short Heath
WD21CD/E05001318	Streetly
WD21CD/E05001335	St Peter's
WD21CD/E05001336	Spring Vale
WD21CD/E05001362	Shipley
WD21CD/E05001383	Skircoat
WD21CD/E05001384	Sowerby Bridge
WD21CD/E05001457	South Elmsall and South Kirkby
WD21CD/E05001458	Stanley and Outwood East
WD21CD/E05001548	Stainsby Hill
WD21CD/E05001549	Stockton Town Centre
WD21CD/E05001657	Squires Gate
WD21CD/E05001658	Stanley
WD21CD/E05001705	St Mary's
WD21CD/E05001706	Snaith, Airmyn, Rawcliffe and Marshland
WD21CD/E05001707	South East Holderness
WD21CD/E05001708	South Hunsley
WD21CD/E05001709	South West Holderness
WD21CD/E05001721	Scartho
WD21CD/E05001722	Sidney Sussex
WD21CD/E05001723	South
WD21CD/E05001782	Sinfin
WD21CD/E05001783	Spondon
WD21CD/E05002093	St Budeaux
WD21CD/E05002094	St Peter and the Waterfront
WD21CD/E05002095	Southway
WD21CD/E05002096	Stoke
WD21CD/E05002097	Sutton and Mount Gould
WD21CD/E05002207	Saints
WD21CD/E05002208	South
WD21CD/E05002209	Stopsley
WD21CD/E05002210	Sundon Park
WD21CD/E05002220	St Laurence
WD21CD/E05002221	St. Luke's
WD21CD/E05002222	Shoeburyness
WD21CD/E05002223	Southchurch
WD21CD/E05002241	South Chafford
WD21CD/E05002242	Stanford East and Corringham Town
WD21CD/E05002243	Stanford-le-Hope West
WD21CD/E05002244	Stifford Clays
WD21CD/E05002265	Strood North
WD21CD/E05002266	Strood Rural
WD21CD/E05002267	Strood South
WD21CD/E05002331	Southcote
WD21CD/E05002388	Shinfield North
WD21CD/E05002389	Shinfield South
WD21CD/E05002390	Sonning
WD21CD/E05002391	South Lake
WD21CD/E05002392	Swallowfield
WD21CD/E05002434	St. Peter's and North Laine
WD21CD/E05002435	South Portslade
WD21CD/E05002453	St Jude
WD21CD/E05002454	St Thomas
WD21CD/E05002467	Shirley
WD21CD/E05002468	Sholing
WD21CD/E05002469	Swaythling
WD21CD/E05003231	Shap
WD21CD/E05003232	Skelton
WD21CD/E05003299	Somercotes
WD21CD/E05003300	South West Parishes
WD21CD/E05003301	Swanwick
WD21CD/E05003338	St Helen's
WD21CD/E05003339	St Leonard's
WD21CD/E05003363	Stanton
WD21CD/E05003524	Sandford and Creedy
WD21CD/E05003525	Silverton
WD21CD/E05004032	St Martin's
WD21CD/E05004078	Shenfield
WD21CD/E05004079	South Weald
WD21CD/E05004091	St George's
WD21CD/E05004092	St James
WD21CD/E05004093	St Mary's
WD21CD/E05004094	St Peter's
WD21CD/E05004111	St Andrews
WD21CD/E05004112	South Hanningfield, Stock and Margaretting
WD21CD/E05004113	South Woodham-Chetwood and Collingwood
WD21CD/E05004114	South Woodham-Elmwood and Woodville
WD21CD/E05004115	Springfield North
WD21CD/E05004172	Shelley
WD21CD/E05004187	Staple Tye
WD21CD/E05004188	Sumners and Kingsmoor
WD21CD/E05004202	Southminster
WD21CD/E05004301	St Mark's
WD21CD/E05004302	St Paul's
WD21CD/E05004303	St Peter's
WD21CD/E05004304	Springbank
WD21CD/E05004305	Swindon Village
WD21CD/E05004526	Sarisbury
WD21CD/E05004527	Stubbington
WD21CD/E05004576	St Faith's
WD21CD/E05004577	Stakes
WD21CD/E05004737	Sawbridgeworth
WD21CD/E05004738	Stanstead Abbots
WD21CD/E05004739	Thundridge & Standon
WD21CD/E05004799	St Peters
WD21CD/E05004800	St Stephen
WD21CD/E05004801	Sandridge
WD21CD/E05004802	Sopwell
WD21CD/E05004814	St Nicholas
WD21CD/E05004815	Shephall
WD21CD/E05004816	Symonds Green
WD21CD/E05004977	Shorne, Cobham and Luddesdown
WD21CD/E05004978	Singlewell
WD21CD/E05005003	Shepway North
WD21CD/E05005004	Shepway South
WD21CD/E05005006	Staplehurst
WD21CD/E05005007	Sutton Valence and Langley
WD21CD/E05005026	Sevenoaks Eastern
WD21CD/E05005027	Sevenoaks Kippington
WD21CD/E05005028	Sevenoaks Northern
WD21CD/E05005029	Sevenoaks Town and St John's
WD21CD/E05005031	Swanley St Mary's
WD21CD/E05005032	Swanley White Oak
WD21CD/E05005097	St Peters
WD21CD/E05005098	Salmestone
WD21CD/E05005099	Sir Moses Montefiore
WD21CD/E05005144	St James'
WD21CD/E05005145	St John's
WD21CD/E05005146	Sherwood
WD21CD/E05005147	Southborough and High Brooms
WD21CD/E05005148	Southborough North
WD21CD/E05005149	Speldhurst and Bidborough
WD21CD/E05005201	St Johns
WD21CD/E05005202	St Leonards
WD21CD/E05005203	Singleton and Greenhalgh
WD21CD/E05005204	Staining and Weeton
WD21CD/E05005219	St Andrew's
WD21CD/E05005220	St Oswald's
WD21CD/E05005221	Spring Hill
WD21CD/E05005327	Stacksteads
WD21CD/E05005372	Scarisbrick
WD21CD/E05005373	Scott
WD21CD/E05005374	Skelmersdale North
WD21CD/E05005375	Skelmersdale South
WD21CD/E05005423	Saxondale
WD21CD/E05005424	Stanton and Flamville
WD21CD/E05005446	Shepshed East
WD21CD/E05005447	Shepshed West
WD21CD/E05005448	Sileby
WD21CD/E05005449	Syston East
WD21CD/E05005450	Syston West
WD21CD/E05005491	Markfield, Stanton and Fieldhead
WD21CD/E05005508	Somerby
WD21CD/E05005536	South Wigston
WD21CD/E05005624	Eagle, Swinderby and Witham St Hughs
WD21CD/E05005637	Skellingthorpe
WD21CD/E05005638	Sleaford Castle
WD21CD/E05005639	Sleaford Holdingham
WD21CD/E05005640	Sleaford Navigation
WD21CD/E05005641	Sleaford Quarrington and Mareham
WD21CD/E05005642	Sleaford Westholme
WD21CD/E05005653	Spalding Castle
WD21CD/E05005654	Spalding Monks House
WD21CD/E05005655	Spalding St John's
WD21CD/E05005656	Spalding St Mary's
WD21CD/E05005657	Spalding St Paul's
WD21CD/E05005658	Spalding Wygate
WD21CD/E05005659	Sutton Bridge
WD21CD/E05005776	Spixworth with St Faiths
WD21CD/E05005777	Sprowston Central
WD21CD/E05005778	Sprowston East
WD21CD/E05005797	St Andrews
WD21CD/E05005798	Southtown and Cobholm
WD21CD/E05006203	Skipton South
WD21CD/E05006312	Sherburn
WD21CD/E05006313	Sheriff Hutton
WD21CD/E05006314	Sinnington
WD21CD/E05006392	Sturton
WD21CD/E05006393	Sutton
WD21CD/E05006645	Standlake, Aston and Stanton Harcourt
WD21CD/E05006646	Stonesfield and Tackley
WD21CD/E05006783	St Cuthbert Out North
WD21CD/E05006784	Shepton East
WD21CD/E05006785	Shepton West
WD21CD/E05006786	Street North
WD21CD/E05006787	Street South
WD21CD/E05006788	Street West
WD21CD/E05006930	Shobnall
WD21CD/E05006931	Stapenhill
WD21CD/E05006932	Stretton
WD21CD/E05007072	Spital
WD21CD/E05007073	Stonydelph
WD21CD/E05007126	St John's
WD21CD/E05007127	St Margaret's
WD21CD/E05007128	Sprites
WD21CD/E05007129	Stoke Park
WD21CD/E05007281	Stamford
WD21CD/E05007282	Stoneleigh
WD21CD/E05007301	Send
WD21CD/E05007302	Shalford
WD21CD/E05007303	Stoke
WD21CD/E05007304	Stoughton
WD21CD/E05007369	Shepperton Town
WD21CD/E05007370	Staines
WD21CD/E05007371	Staines South
WD21CD/E05007372	Stanwell North
WD21CD/E05007373	Sunbury Common
WD21CD/E05007374	Sunbury East
WD21CD/E05007438	Shamley Green and Cranleigh North
WD21CD/E05007486	St Nicolas
WD21CD/E05007487	Slough
WD21CD/E05007571	St Mary's
WD21CD/E05007572	St Nicolas
WD21CD/E05007573	Southlands
WD21CD/E05007574	Southwick Green
WD21CD/E05007704	Salvington
WD21CD/E05007705	Selden
WD21CD/E05007888	St Clement
WD21CD/E05007889	St John
WD21CD/E05007890	St Peter's Parish
WD21CD/E05007891	St Stephen
WD21CD/E05007924	South Bredon Hill
WD21CD/E05008183	St Martin's
WD21CD/E05008186	Severn Valley
WD21CD/E05008187	Shawbury
WD21CD/E05008188	Shifnal North
WD21CD/E05008189	Shifnal South and Cosford
WD21CD/E05008190	Sundorne
WD21CD/E05008524	Shipley Park, Horsley and Horsley Woodhouse
WD21CD/E05008555	South
WD21CD/E05008648	Sandbach Elworth
WD21CD/E05008649	Sandbach Ettiley Heath and Wheelock
WD21CD/E05008650	Sandbach Heath and East
WD21CD/E05008651	Sandbach Town
WD21CD/E05008652	Shavington
WD21CD/E05008653	Sutton
WD21CD/E05008746	Sandford Hill
WD21CD/E05008747	Sneyd Green
WD21CD/E05008748	Springfields and Trent Vale
WD21CD/E05008774	Sharnbrook
WD21CD/E05008803	Shefford
WD21CD/E05008804	Silsoe and Shillington
WD21CD/E05008805	Stotfold and Langford
WD21CD/E05008819	Seales
WD21CD/E05008820	Stenson
WD21CD/E05008821	Swadlincote
WD21CD/E05008887	Sandhurst
WD21CD/E05008888	Sherwood
WD21CD/E05008968	St Andrews
WD21CD/E05008969	St Margaret and South Marston
WD21CD/E05008970	Shaw
WD21CD/E05008998	St John's
WD21CD/E05008999	St Mark's
WD21CD/E05009076	Sacriston
WD21CD/E05009077	Seaham
WD21CD/E05009078	Sedgefield
WD21CD/E05009079	Sherburn
WD21CD/E05009080	Shildon and Dene Valley
WD21CD/E05009081	Shotton and South Hetton
WD21CD/E05009082	Spennymoor
WD21CD/E05009083	Stanley
WD21CD/E05009149	Seaton with Newbiggin West
WD21CD/E05009151	Shilbottle
WD21CD/E05009152	Sleekburn
WD21CD/E05009153	South Blyth
WD21CD/E05009154	South Tynedale
WD21CD/E05009155	Stakeford
WD21CD/E05009156	Stocksfield and Broomhaugh
WD21CD/E05009281	Gobowen, Selattyn and Weston Rhyn
WD21CD/E05009286	St Oswald
WD21CD/E05009329	St Dunstan's
WD21CD/E05009330	St Katharine's & Wapping
WD21CD/E05009331	St Peter's
WD21CD/E05009332	Shadwell
WD21CD/E05009333	Spitalfields & Banglatown
WD21CD/E05009334	Stepney Green
WD21CD/E05009377	Hoxton East & Shoreditch
WD21CD/E05009382	Shacklewell
WD21CD/E05009383	Springfield
WD21CD/E05009384	Stamford Hill West
WD21CD/E05009385	Stoke Newington
WD21CD/E05009404	St. Helen's
WD21CD/E05009405	Stanley
WD21CD/E05009414	Loughton & Shenley
WD21CD/E05009419	Shenley Brook End
WD21CD/E05009420	Stantonbury
WD21CD/E05009421	Stony Stratford
WD21CD/E05009427	Chorleywood North & Sarratt
WD21CD/E05009437	South Oxhey
WD21CD/E05009482	Saxon Gate
WD21CD/E05009508	St Andrews
WD21CD/E05009509	Slade Lode
WD21CD/E05009510	Staithe
WD21CD/E05009511	Stonald
WD21CD/E05009559	St Ann's
WD21CD/E05009560	Sheerness
WD21CD/E05009561	Sheppey Central
WD21CD/E05009562	Sheppey East
WD21CD/E05009585	Snodland East and Ham Hill
WD21CD/E05009586	Snodland West and Holborough Lakes
WD21CD/E05009593	Bolton & Slyne
WD21CD/E05009609	Scotforth East
WD21CD/E05009610	Scotforth West
WD21CD/E05009611	Silverdale
WD21CD/E05009612	Skerton East
WD21CD/E05009613	Skerton West
WD21CD/E05009615	University & Scotforth Rural
WD21CD/E05009627	St Thomas'
WD21CD/E05009628	Skirbeck
WD21CD/E05009629	Staniland
WD21CD/E05009630	Station
WD21CD/E05009631	Swineshead and Holland Fen
WD21CD/E05009648	Saxilby
WD21CD/E05009649	Scampton
WD21CD/E05009650	Scotter and Blyton
WD21CD/E05009651	Stow
WD21CD/E05009652	Sudbrooke
WD21CD/E05009667	Skipton East
WD21CD/E05009668	Skipton North
WD21CD/E05009669	Skipton West
WD21CD/E05009670	Sutton-in-Craven
WD21CD/E05009672	Appleton Wiske & Smeatons
WD21CD/E05009682	Osmotherley & Swainby
WD21CD/E05009685	Sowerby & Topcliffe
WD21CD/E05009686	Stokesley
WD21CD/E05009729	Sutton Bonington
WD21CD/E05009770	Stanford
WD21CD/E05009771	Steventon & the Hanneys
WD21CD/E05009847	Sanders Park
WD21CD/E05009848	Sidemoor
WD21CD/E05009849	Slideslow
WD21CD/E05009871	Stainton & Thornton
WD21CD/E05009889	Marshchapel & Somercotes
WD21CD/E05009891	Priory & St James'
WD21CD/E05009893	St Clement's
WD21CD/E05009894	St Margaret's
WD21CD/E05009895	St Mary's
WD21CD/E05009896	St Michael's
WD21CD/E05009897	Scarbrough & Seacroft
WD21CD/E05009898	Sibsey & Stickney
WD21CD/E05009899	Spilsby
WD21CD/E05009900	Sutton on Sea
WD21CD/E05009915	Felsted & Stebbing
WD21CD/E05009923	Saffron Walden Audley
WD21CD/E05009924	Saffron Walden Castle
WD21CD/E05009925	Saffron Walden Shire
WD21CD/E05009926	Stansted North
WD21CD/E05009927	Stansted South & Birchanger
WD21CD/E05009928	Stort Valley
WD21CD/E05009940	Hambleton & Stalmine
WD21CD/E05009951	Stanah
WD21CD/E05009964	Swanley Christchurch and Swanley Village
WD21CD/E05009982	Madeley & Sutton Hill
WD21CD/E05009990	St Georges
WD21CD/E05009991	Shawbirch
WD21CD/E05010026	Sandgate & West Folkestone
WD21CD/E05010056	Selby East
WD21CD/E05010057	Selby West
WD21CD/E05010058	Sherburn in Elmet
WD21CD/E05010059	South Milford
WD21CD/E05010081	Southwell
WD21CD/E05010082	Sutton-on-Trent
WD21CD/E05010121	Sence Valley
WD21CD/E05010122	Snibston North
WD21CD/E05010123	Snibston South
WD21CD/E05010128	Allington & Strete
WD21CD/E05010130	Blackawton & Stoke Fleming
WD21CD/E05010132	Dartington & Staverton
WD21CD/E05010141	Salcombe & Thurlestone
WD21CD/E05010142	South Brent
WD21CD/E05010143	Stokenham
WD21CD/E05010172	Stamford All Saints
WD21CD/E05010173	Stamford St George's
WD21CD/E05010174	Stamford St John's
WD21CD/E05010175	Stamford St Mary's
WD21CD/E05010182	Bidford West & Salford
WD21CD/E05010195	Long Itchington & Stockton
WD21CD/E05010199	Shipston North
WD21CD/E05010200	Shipston South
WD21CD/E05010201	Shottery
WD21CD/E05010202	Snitterfield
WD21CD/E05010203	Southam North
WD21CD/E05010204	Southam South
WD21CD/E05010205	Studley with Mappleborough Green
WD21CD/E05010206	Studley with Sambourne
WD21CD/E05010232	St Ambrose
WD21CD/E05010233	Samlesbury & Walton
WD21CD/E05010234	Seven Stars
WD21CD/E05010254	Saham Toney
WD21CD/E05010255	Shipdham-with-Scarning
WD21CD/E05010256	Swaffham
WD21CD/E05010307	Wick St Lawrence & St Georges
WD21CD/E05010329	Strensall
WD21CD/E05010382	Stour Valley North
WD21CD/E05010383	Stour Valley South
WD21CD/E05010404	Seasalter
WD21CD/E05010405	St Stephen's
WD21CD/E05010407	Swalecliffe
WD21CD/E05010418	Haughton & Springfield
WD21CD/E05010429	Sadberge & Middleton St George
WD21CD/E05010430	Stephenson
WD21CD/E05010471	Saffron
WD21CD/E05010472	Spinney Hills
WD21CD/E05010473	Stoneygate
WD21CD/E05010497	St Michael's & Stonefield
WD21CD/E05010498	Seighford & Church Eaton
WD21CD/E05010499	Swynnerton & Oulton
WD21CD/E05010502	Aggborough & Spennells
WD21CD/E05010528	Nuthall East & Strelley
WD21CD/E05010529	Stapleford North
WD21CD/E05010530	Stapleford South East
WD21CD/E05010531	Stapleford South West
WD21CD/E05010563	South Tawton
WD21CD/E05010611	Kirk Hallam & Stanton-by-Dale
WD21CD/E05010613	Little Eaton & Stanley
WD21CD/E05010618	Sandiacre
WD21CD/E05010619	Sawley
WD21CD/E05010620	Shipley View
WD21CD/E05010643	St John's
WD21CD/E05010644	Sett
WD21CD/E05010645	Simmondley
WD21CD/E05010646	Stone Bench
WD21CD/E05010665	Little Aston & Stonnall
WD21CD/E05010668	St John's
WD21CD/E05010669	Shenstone
WD21CD/E05010670	Stowe
WD21CD/E05010671	Summerfield & All Saints
WD21CD/E05010672	Whittington & Streethay
WD21CD/E05010677	Sutton Central & New Cross
WD21CD/E05010688	Sutton St Mary's
WD21CD/E05010689	Selston
WD21CD/E05010690	Skegby
WD21CD/E05010691	Stanton Hill & Teversal
WD21CD/E05010692	Greenwood & Summit
WD21CD/E05010693	Sutton Junction & Harlow Wood
WD21CD/E05010715	St Michael's
WD21CD/E05010716	Sandywell
WD21CD/E05010717	Siddington & Cerney Rural
WD21CD/E05010718	South Cerney Village
WD21CD/E05010719	Stow
WD21CD/E05010720	Stratton
WD21CD/E05010743	Sprotbrough
WD21CD/E05010744	Stainforth & Barnby Dun
WD21CD/E05010780	Settle and Ribblebanks
WD21CD/E05010804	St John's
WD21CD/E05010823	Stanground South
WD21CD/E05010839	St Anne's and St John's
WD21CD/E05010840	Shrub End
WD21CD/E05010841	Stanway
WD21CD/E05010854	Sweyne Park and Grange
WD21CD/E05010878	Shiregreen and Brightside
WD21CD/E05010879	Southey
WD21CD/E05010880	Stannington
WD21CD/E05010881	Stocksbridge and Upper Don
WD21CD/E05010910	St George Central
WD21CD/E05010911	St George Troopers Hill
WD21CD/E05010912	St George West
WD21CD/E05010913	Southmead
WD21CD/E05010914	Southville
WD21CD/E05010915	Stockwood
WD21CD/E05010916	Stoke Bishop
WD21CD/E05010929	Cropredy, Sibfords and Wroxton
WD21CD/E05010943	Shevington
WD21CD/E05010944	St Gabriels
WD21CD/E05010945	St Michaels
WD21CD/E05010946	Stockbridge
WD21CD/E05010947	Swanside
WD21CD/E05010986	Stroud Central
WD21CD/E05010987	Stroud Farmhill and Paganhill
WD21CD/E05010988	Stroud Slade
WD21CD/E05010990	Stroud Uplands
WD21CD/E05010991	Stroud Valley
WD21CD/E05011001	St Barnabas
WD21CD/E05011002	St Bartholomew
WD21CD/E05011003	St Luke
WD21CD/E05011004	St Michael
WD21CD/E05011005	St Paul
WD21CD/E05011006	Southwick and Wickham
WD21CD/E05011020	St David's
WD21CD/E05011021	St Loyes
WD21CD/E05011022	St Thomas
WD21CD/E05011044	Stockton Heath
WD21CD/E05011054	Stanborough
WD21CD/E05011070	Sherrards
WD21CD/E05011091	St Agnes
WD21CD/E05011092	St Martin's
WD21CD/E05011093	St Mary's
WD21CD/E05011114	St George's
WD21CD/E05011115	St Giles
WD21CD/E05011116	South Bermondsey
WD21CD/E05011117	Surrey Docks
WD21CD/E05011128	Bournbrook & Selly Park
WD21CD/E05011165	Shard End
WD21CD/E05011166	Sheldon
WD21CD/E05011167	Small Heath
WD21CD/E05011168	Soho & Jewellery Quarter
WD21CD/E05011169	South Yardley
WD21CD/E05011170	Sparkbrook & Balsall Heath East
WD21CD/E05011171	Sparkhill
WD21CD/E05011172	Stirchley
WD21CD/E05011173	Stockland Green
WD21CD/E05011174	Sutton Four Oaks
WD21CD/E05011175	Sutton Mere Green
WD21CD/E05011176	Sutton Reddicap
WD21CD/E05011177	Sutton Roughley
WD21CD/E05011178	Sutton Trinity
WD21CD/E05011179	Sutton Vesey
WD21CD/E05011180	Sutton Walmley & Minworth
WD21CD/E05011181	Sutton Wylde Green
WD21CD/E05011184	Weoley & Selly Oak
WD21CD/E05011186	Yardley West & Stechford
WD21CD/E05011212	St Helens
WD21CD/E05011213	Silverhill
WD21CD/E05011229	St Mary's & St James
WD21CD/E05011230	Sidcup
WD21CD/E05011231	Slade Green & Northend
WD21CD/E05011251	Seven Kings
WD21CD/E05011252	South Woodford
WD21CD/E05011269	St Ives East
WD21CD/E05011270	St Ives South
WD21CD/E05011271	St Ives West
WD21CD/E05011272	St Neots East
WD21CD/E05011273	St Neots Eatons
WD21CD/E05011274	St Neots Eynesbury
WD21CD/E05011275	St Neots Priory Park & Little Paxton
WD21CD/E05011276	Sawtry
WD21CD/E05011277	Somersham
WD21CD/E05011278	Stilton, Folksworth & Washingley
WD21CD/E05011303	Sawston
WD21CD/E05011304	Shelford
WD21CD/E05011305	Swavesey
WD21CD/E05011345	Spofforth with Lower Wharfedale
WD21CD/E05011378	Sharston
WD21CD/E05011387	Bramley & Stanningley
WD21CD/E05011400	Killingbeck & Seacroft
WD21CD/E05011429	Silverdale
WD21CD/E05011437	Benwell & Scotswood
WD21CD/E05011443	Dene & South Gosforth
WD21CD/E05011457	South Jesmond
WD21CD/E05011478	Sanderstead
WD21CD/E05011479	Selhurst
WD21CD/E05011480	Selsdon & Addington Village
WD21CD/E05011481	Selsdon Vale & Forestdale
WD21CD/E05011482	Shirley North
WD21CD/E05011483	Shirley South
WD21CD/E05011484	South Croydon
WD21CD/E05011485	South Norwood
WD21CD/E05011504	Sedbergh & Kirkby Lonsdale
WD21CD/E05011522	Shear Brow & Corporation Park
WD21CD/E05011541	St Andrew's & Docklands
WD21CD/E05011542	Southcoates
WD21CD/E05011543	Sutton
WD21CD/E05011559	Seal and Weald
WD21CD/E05011569	Soham North
WD21CD/E05011570	Soham South
WD21CD/E05011571	Stretham
WD21CD/E05011572	Sutton
WD21CD/E05011580	St Anthony's
WD21CD/E05011581	Sovereign
WD21CD/E05011597	Plumpton, Streat, East Chiltington & St John
WD21CD/E05011598	Seaford Central
WD21CD/E05011599	Seaford East
WD21CD/E05011600	Seaford North
WD21CD/E05011601	Seaford South
WD21CD/E05011602	Seaford West
WD21CD/E05011608	Bexhill Pebsham & St Michaels
WD21CD/E05011622	Sedlescombe & Westfield
WD21CD/E05011623	South Battle & Telham
WD21CD/E05011624	Southern Rother
WD21CD/E05011658	South Downs
WD21CD/E05011659	Stone Cross
WD21CD/E05011682	Selsey South
WD21CD/E05011683	Sidlesham with Selsey North
WD21CD/E05011684	Southbourne
WD21CD/E05011708	Sandford & the Wittenhams
WD21CD/E05011717	Sutton Courtenay
WD21CD/E05011730	Harrington & Salterbeck
WD21CD/E05011736	St John's
WD21CD/E05011737	St Michael's
WD21CD/E05011738	Seaton & Northside
WD21CD/E05011739	Silloth & Solway Coast
WD21CD/E05011740	Stainburn & Clifton
WD21CD/E05011760	Mersham, Sevington South with Finberry
WD21CD/E05011767	Saxon Shore
WD21CD/E05011768	Singleton East
WD21CD/E05011769	Singleton West
WD21CD/E05011770	Stanhope
WD21CD/E05011802	Seaton
WD21CD/E05011803	Sidmouth Rural
WD21CD/E05011804	Sidmouth Sidford
WD21CD/E05011805	Sidmouth Town
WD21CD/E05011816	Cowfold, Shermanbury & West Grinstead
WD21CD/E05011822	Itchingfield, Slinfold & Warnham
WD21CD/E05011828	Southwater North
WD21CD/E05011829	Southwater South & Shipley
WD21CD/E05011830	Steyning & Ashurst
WD21CD/E05011831	Storrington & Washington
WD21CD/E05011854	St Benet's
WD21CD/E05011855	Sheringham North
WD21CD/E05011856	Sheringham South
WD21CD/E05011857	Stalham
WD21CD/E05011858	Stibbard
WD21CD/E05011859	Stody
WD21CD/E05011860	Suffield Park
WD21CD/E05011866	Beck Vale, Dickleburgh & Scole
WD21CD/E05011881	Mulbarton & Stoke Holy Cross
WD21CD/E05011888	South Wymondham
WD21CD/E05011889	Stratton
WD21CD/E05011906	Kenton & Starcross
WD21CD/E05011911	Shaldon & Stokeinteignhead
WD21CD/E05011928	Shebbear & Langtree
WD21CD/E05011952	St Bartholomew's
WD21CD/E05011953	St James
WD21CD/E05011954	St John's
WD21CD/E05011955	St Osyth
WD21CD/E05011956	St Paul's
WD21CD/E05011957	Stour Valley
WD21CD/E05011966	Broughton Astley-Primethorpe & Sutton
WD21CD/E05011987	Bolsover North & Shuttlewood
WD21CD/E05011994	Shirebrook North
WD21CD/E05011995	Shirebrook South
WD21CD/E05011996	South Normanton East
WD21CD/E05011997	South Normanton West
WD21CD/E05012006	Clayton-le-Dale & Salesbury
WD21CD/E05012009	East Whalley, Read & Simonstone
WD21CD/E05012017	Sabden
WD21CD/E05012018	St Mary's
WD21CD/E05012019	Salthill
WD21CD/E05012035	St Michaels
WD21CD/E05012036	St Pauls
WD21CD/E05012059	Shirland
WD21CD/E05012060	Sutton
WD21CD/E05012077	Severn Vale North
WD21CD/E05012078	Severn Vale South
WD21CD/E05012079	Shurdington
WD21CD/E05012122	Pilning & Severn Beach
WD21CD/E05012123	Severn Vale
WD21CD/E05012124	Staple Hill & Mangotsfield
WD21CD/E05012125	Stoke Gifford
WD21CD/E05012126	Stoke Park & Cheswick
WD21CD/E05012170	Newland & Sling
WD21CD/E05012174	St. Briavels
WD21CD/E05012192	Shenley
WD21CD/E05012207	St Matthew's
WD21CD/E05012208	Sharoe Green
WD21CD/E05012234	Sandstone
WD21CD/E05012235	Saughall & Mollington
WD21CD/E05012236	Shakerley
WD21CD/E05012237	Strawberry
WD21CD/E05012238	Sutton Villages
WD21CD/E05012265	St Marychurch
WD21CD/E05012266	St Peter's with St Mary's
WD21CD/E05012267	Shiphay
WD21CD/E05012287	St. Ann's
WD21CD/E05012288	Sherwood
WD21CD/E05012298	Binsted, Bentley & Selborne
WD21CD/E05012303	Froxfield, Sheet & Steep
WD21CD/E05012343	St. Margaret's with St. Nicholas
WD21CD/E05012344	Snettisham
WD21CD/E05012345	South & West Lynn
WD21CD/E05012346	South Downham
WD21CD/E05012347	Springwood
WD21CD/E05012370	Scotton
WD21CD/E05012379	Falsgrave & Stepney
WD21CD/E05012386	Scalby
WD21CD/E05012387	Seamer
WD21CD/E05012388	Streonshalh
WD21CD/E05012401	Longfield, New Barn & Southfleet
WD21CD/E05012405	Stone Castle
WD21CD/E05012406	Stone House
WD21CD/E05012407	Swanscombe
WD21CD/E05012411	Wilmington, Sutton-at-Hone & Hawley
WD21CD/E05012435	South Molton
WD21CD/E05012452	St Germain's
WD21CD/E05012453	Saltburn
WD21CD/E05012454	Skelton East
WD21CD/E05012455	Skelton West
WD21CD/E05012456	South Bank
WD21CD/E05012485	Saltford
WD21CD/E05012486	Southdown
WD21CD/E05012494	Ascot & Sunninghill
WD21CD/E05012511	St Mary's
WD21CD/E05012512	Sunningdale & Cheapside
WD21CD/E05012535	Northstone, Ivelchester & St Michael's
WD21CD/E05012537	South Petherton
WD21CD/E05012550	Black Combe & Scafell
WD21CD/E05012555	Gosforth & Seascale
WD21CD/E05012561	St Bees
WD21CD/E05012562	Sneckyeat
WD21CD/E05012582	South East Cosford
WD21CD/E05012583	Sproughton & Pinewood
WD21CD/E05012584	Stour
WD21CD/E05012585	Sudbury North East
WD21CD/E05012586	Sudbury North West
WD21CD/E05012587	Sudbury South East
WD21CD/E05012588	Sudbury South West
WD21CD/E05012601	Haughley, Stowupland & Wetherden
WD21CD/E05012609	St Peter's
WD21CD/E05012610	Stonham
WD21CD/E05012611	Stow Thorney
WD21CD/E05012612	Stradbroke & Laxfield
WD21CD/E05012661	East Cliff & Springbourne
WD21CD/E05012668	Mudeford, Stanpit & West Highcliffe
WD21CD/E05012669	Muscliff & Strouden Park
WD21CD/E05012713	St Leonards & St Ives
WD21CD/E05012714	Shaftesbury Town
WD21CD/E05012715	Sherborne East
WD21CD/E05012716	Sherborne Rural
WD21CD/E05012717	Sherborne West
WD21CD/E05012718	South East Purbeck
WD21CD/E05012719	Stalbridge & Marnhull
WD21CD/E05012720	Stour & Allen Vale
WD21CD/E05012721	Sturminster Newton
WD21CD/E05012722	Swanage
WD21CD/E05012743	Gunton & St Margarets
WD21CD/E05012757	Saxmundham
WD21CD/E05012758	Southwold
WD21CD/E05012797	St Olaves
WD21CD/E05012798	Southgate
WD21CD/E05012799	Stanton
WD21CD/E05012822	Norton Fitzwarren & Staplegrove
WD21CD/E05012829	South Quantock
WD21CD/E05012839	Wilton & Sherford
WD21CD/E05012850	Sandy
WD21CD/E05012854	Sonning Common
WD21CD/E05012856	Aylesham, Eythorne & Shepherdswell
WD21CD/E05012860	Guston, Kingsdown & St Margaret's-at-Cliffe
WD21CD/E05012866	St Radigunds
WD21CD/E05012867	Sandwich
WD21CD/E05012876	Horley Central & South
WD21CD/E05012877	Horley East & Salfords
WD21CD/E05012878	Horley West & Sidlow
WD21CD/E05012880	Meadvale & St John's
WD21CD/E05012885	South Park & Woodhatch
WD21CD/E05012909	Sewell
WD21CD/E05012924	Southgate
WD21CD/E05012950	Sandsfield & Morton West
WD21CD/E05012951	Stanwix & Houghton
WD21CD/E05012956	Sturry
WD21CD/E05012959	Stoney Street
WD21CD/E05012960	Sutton Walls
WD21CD/E05012965	Silver End & Cressing
WD21CD/E05012972	Botley & Sunningwell
WD21CD/E05012980	Watchfield & Shrivenham
WD21CD/E05012991	Chartham & Stone Street
WD21CD/E05012995	Aughton & Swallownest
WD21CD/E05013005	Kilnhurst & Swinton East
WD21CD/E05013012	Sitwell
WD21CD/E05013013	Swinton Rockingham
WD21CD/E05013032	Swinton & Wardley
WD21CD/E05013033	Swinton Park
WD21CD/E05013036	Weaste & Seedley
WD21CD/E05013047	Seaton
WD21CD/E05013090	Sherborne St John & Rooksdown
WD21CD/E05013091	South Ham
WD21CD/E05013096	Barton & Sandhills
WD21CD/E05013101	Cutteslowe & Sunnymead
WD21CD/E05013111	Osney & St Thomas
WD21CD/E05013114	St Clement's
WD21CD/E05013115	St Mary's
WD21CD/E05013116	Summertown
WD21CD/E05013158	Stoke Poges and Wexham
WD21CD/E05013159	Stone and Waddesdon
WD21CD/E05013175	Daresbury, Moore & Sandymoor
WD21CD/E05013195	Severn
WD21CD/E05013196	Stonehouse
WD21CD/E05013197	Stroud Trinity
WD21CD/E05013208	Marsden & Southfield
WD21CD/E05013264	St. George
WD21CD/E05013265	Silverstone
WD21CD/E05013266	Sixfields
WD21CD/E05013271	Seghill with Seaton Delaval
WD21CD/E05013273	Bodmin St Mary's & St Leonard
WD21CD/E05013276	Callington & St Dominic
WD21CD/E05013291	Gloweth, Malabar & Shortlanesend
WD21CD/E05013311	Mousehole, Newlyn & St Buryan
WD21CD/E05013312	Mullion & St Keverne
WD21CD/E05013327	Rame Peninsula & St Germans
WD21CD/E05013336	St Blazey
WD21CD/E05013337	St Cleer & Menheniot
WD21CD/E05013338	St Columb Major, St Mawgan & St Wenn
WD21CD/E05013341	St Goran, Tregony & the Roseland
WD21CD/E05013346	St Stephen-in-Brannel
WD21CD/E05013347	St Teath & Tintagel
WD21CD/E05013348	Saltash Essa
WD21CD/E05013349	Saltash Tamar
WD21CD/E05013350	Saltash Trematon & Landrake
WD21CD/E05013351	Stratton, Kilkhampton & Morwenstow
WD21CD/E05013357	Wadebridge East & St Minver
WD21CD/E05013358	Wadebridge West & St Mabyn
WD21CD/E05013361	Brading & St Helens
WD21CD/E05013362	Brighstone, Calbourne & Shalfleet
WD21CD/E05013365	Chale, Niton & Shorwell
WD21CD/E05013374	Haylands & Swanmore
WD21CD/E05013377	Mountjoy & Shide
WD21CD/E05013378	Nettlestone & Seaview
WD21CD/E05013390	Sandown North
WD21CD/E05013391	Sandown South
WD21CD/E05013392	Shanklin Central
WD21CD/E05013393	Shanklin South
WD21CD/E05013395	Ventnor & St Lawrence
WD21CD/E05013448	Melksham Without North & Shurnhold
WD21CD/E05013462	Salisbury Bemerton Heath
WD21CD/E05013463	Salisbury Fisherton & Bemerton Village
WD21CD/E05013464	Salisbury Harnham East
WD21CD/E05013465	Salisbury Harnham West
WD21CD/E05013466	Salisbury Milford
WD21CD/E05013467	Salisbury St Edmund's
WD21CD/E05013468	Salisbury St Francis & Stratford
WD21CD/E05013469	Salisbury St Paul's
WD21CD/E05013470	Sherston
WD21CD/E05013471	Southwick
WD21CD/E05013830	Garforth & Swillington
WD21CD/E05013836	St Austell Poltair & Mount Charles
WD21CD/E05013837	Altarnun & Stoke Climsland
WD21CD/E05013838	Crowan, Sithney & Wendron
WD21CD/E05013843	Lanner, Stithians & Gwennap
WD21CD/E05013845	Long Rock, Marazion & St Erth
WD21CD/E05013846	Mevagissey & St Austell Bay
WD21CD/E05013850	Probus & St Erme
WD21CD/E05013851	Redruth Central, Carharrack & St Day
WD21CD/E05013852	St Agnes
WD21CD/E05013853	St Austell Bethel & Holmbush
WD21CD/E05013854	St Austell Central & Gover
WD21CD/E05013855	St Columb Minor & Colan
WD21CD/E05013856	St Dennis & St Enoder
WD21CD/E05013857	St Ives East, Lelant & Carbis Bay
WD21CD/E05013858	St Ives West & Towednack
WD21CD/E05013859	St Mewan & Grampound
WD21CD/E05013860	St Newlyn East, Cubert & Goonhavern
WD21CD/N08000133	Shilvodan
WD21CD/N08000134	Springfarm
WD21CD/N08000135	Steeple
WD21CD/N08000136	Stiles
WD21CD/N08000236	Seagahan
WD21CD/N08000237	Shankill
WD21CD/N08000346	Sandown
WD21CD/N08000347	Shandon
WD21CD/N08000348	Shankill
WD21CD/N08000349	Shaw's Road
WD21CD/N08000350	Stewartstown
WD21CD/N08000351	Stormont
WD21CD/N08000352	Stranmillis
WD21CD/N08000353	Sydenham
WD21CD/N08000531	Shantallow
WD21CD/N08000532	Shantallow East
WD21CD/N08000533	Sheriff's Mountain
WD21CD/N08000534	Sion Mills
WD21CD/N08000535	Skeoge
WD21CD/N08000536	Slievekirk
WD21CD/N08000537	Springtown
WD21CD/N08000538	Strabane North
WD21CD/N08000539	Strabane West
WD21CD/N08000636	Sixmilecross
WD21CD/N08000637	Strule
WD21CD/N08000738	Stonyford
WD21CD/N08000835	Slemish
WD21CD/N08000836	Sunnylands
WD21CD/N08000933	Stewartstown
WD21CD/N08000934	Swatragh
WD21CD/N08001036	Saintfield
WD21CD/N08001037	St. Patrick's
WD21CD/N08001038	Strangford
WD21CD/N08001136	Scrabo
WD21CD/N08001137	Silverbirch
WD21CD/N08001138	Silverstream
WD21CD/S13002516	South Kintyre
WD21CD/S13002545	Strathmartine
WD21CD/S13002603	Sgir'Uige agus Ceann a Tuath nan Loch
WD21CD/S13002604	Sgire an Rubha
WD21CD/S13002605	Sternabhagh a Deas
WD21CD/S13002606	Sternabhagh a Tuath
WD21CD/S13002734	Stromness and South Isles
WD21CD/S13002736	East Mainland, South Ronaldsay and Burray
WD21CD/S13002764	Selkirkshire
WD21CD/S13002773	Shetland North
WD21CD/S13002774	Shetland West
WD21CD/S13002775	Shetland Central
WD21CD/S13002776	Shetland South
WD21CD/S13002861	Huntly, Strathbogie and Howe of Alford
WD21CD/S13002865	Stonehaven and Lower Deeside
WD21CD/S13002880	Stranraer and the Rhins
WD21CD/S13002909	Preston, Seton and Gosford
WD21CD/S13002925	Sighthill/Gorgie
WD21CD/S13002933	Southside/Newington
WD21CD/S13002962	St Andrews
WD21CD/S13002974	Southside Central
WD21CD/S13002983	Springburn/Robroyston
WD21CD/S13002985	Shettleston
WD21CD/S13002994	Wester Ross, Strathpeffer and Lochalsh
WD21CD/S13003024	Speyside Glenlivet
WD21CD/S13003035	Stevenston
WD21CD/S13003040	Saltcoats
WD21CD/S13003064	Strathmore
WD21CD/S13003067	Strathtay
WD21CD/S13003068	Strathearn
WD21CD/S13003069	Strathallan
WD21CD/S13003118	Stirling North
WD21CD/S13003119	Stirling West
WD21CD/S13003120	Stirling East
WD21CD/S13003134	Stepps, Chryston and Muirhead
WD21CD/W05000103	Seiont
WD21CD/W05000176	St. Asaph East
WD21CD/W05000177	St. Asaph West
WD21CD/W05000228	Saltney Mold Junction
WD21CD/W05000229	Saltney Stonebridge
WD21CD/W05000230	Sealand
WD21CD/W05000231	Shotton East
WD21CD/W05000232	Shotton Higher
WD21CD/W05000233	Shotton West
WD21CD/W05000280	Smithfield
WD21CD/W05000281	Stansty
WD21CD/W05000344	St. David Within
WD21CD/W05000345	St. John
WD21CD/W05000346	St. Mary
WD21CD/W05000447	St. David's
WD21CD/W05000448	St. Dogmaels
WD21CD/W05000449	St. Ishmael's
WD21CD/W05000450	Saundersfoot
WD21CD/W05000451	Scleddau
WD21CD/W05000452	Solva
WD21CD/W05000506	St. Clears
WD21CD/W05000507	St. Ishmael
WD21CD/W05000508	Saron
WD21CD/W05000509	Swiss Valley
WD21CD/W05000545	St. Thomas
WD21CD/W05000546	Sketty
WD21CD/W05000587	Sandfields West
WD21CD/W05000630	Sarn
WD21CD/W05000649	St. Athan
WD21CD/W05000650	St. Augustine's
WD21CD/W05000651	St. Bride's Major
WD21CD/W05000652	Stanwell
WD21CD/W05000745	St. Cattwg
WD21CD/W05000764	Sirhowy
WD21CD/W05000765	Six Bells
WD21CD/W05000784	St. Cadocs and Penygarn
WD21CD/W05000821	St. Arvans
WD21CD/W05000822	St. Christopher's
WD21CD/W05000823	St. Kingsmark
WD21CD/W05000824	St. Mary's
WD21CD/W05000825	Severn
WD21CD/W05000826	Shirenewton
WD21CD/W05000848	St. Julians
WD21CD/W05000849	Shaftesbury
WD21CD/W05000850	Stow Hill
WD21CD/W05000879	Splott
WD21CD/W05000930	St. James
WD21CD/W05000931	St. Martins
WD21CD/W05000935	Sully
WD21CD/W05000988	Seiriol
WD21CD/W05000999	Snatchwood
WD21CD/W05001000	St. Dials
WD21CD/W05001033	Sandfields East
WD21CD/W05001034	Seven Sisters
